COMPANY_ID,ACTIVITY_STATUS,NAME1
17600032KS,F,ABBYVILLE CITY OF
17600033IA,F,MOULTON MUN GAS SYS
17600034IA,F,BEDFORD CITY NATURAL GAS
17600035IL,F,TOLDEDO VILLAGE OF
17600036IL,F,SIMS VILLAGE OF
17600037IL,F,GRAND TOWER CITY OF
17600039IL,F,SHAWNEETOWN MUNICIPAL GAS
17600040IL,F,PITTSBURG GAS CO
17600041LA,F,ABITA SPRINGS NATURAL GAS CO
17600042IL,F,NEW BOSTON MUN GAS SYS
17600043IL,F,CITY OF PLEASANT HILL
17600044IL,F,PAWNEE VILLAGE OF
17600046GA,N,COLQUITT GAS SYS CITY OF
17600047GA,F,CAIRO NAT GAS SYS
17600048AL,F,FLORALA GAS DEPARTMENT
17600048GA,F,WARNER ROBINS CITY OF
17600049AL,F,WEST JEFFERSON GAS SYS TOWN OF
17600050IL,F,WINCHESTER CITY OF
17600051TX,N,INDUSTRIAL GAS SPLY CORP
17600060LA,N,BRIDGELINE GAS DIST LLC
17600081GA,F,ADAIRSVILLE NAT GAS SYS
17600120FL,F,CENTURY TOWN OF
17600135AZ,,SOUTHWEST GAS
17600139AL,F,ALABAMA GAS CORP
17600141AL,F,AMERICAN MIDSTREAM ALATENN LLC
17600142MS,F,AMERICAN MIDSTREAM ALATENN LLC
17600143TN,F,AMERICAN MIDSTREAM ALATENN LLC
17600150TX,N,ONEOK PIPELINE CO
17600160WV,F,STANDARD GAS CO
17600161IL,F,ALEDO CITY OF
17600162AL,F,ALEXANDER CITY MUN GAS CO
17600165LA,N,ALEXANDRIA CITY OF GAS DEPT
17600166TX,F,EASTON GAS SYS CITY OF
17600167TX,F,REKLAW NAT GAS SYS
17600169CT,F,ALGONQUIN GAS TRANSMISSION COMPANY
17600170MA,F,ALGONQUIN GAS TRANSMISSION COMPANY
17600171NJ,F,ALGONQUIN GAS TRANSMISSION COMPANY
17600172NY,F,ALGONQUIN GAS TRANSMISSION COMPANY
17600173KS,N,FLINTROCK GAS INC
17600174IN,F,INDIANA UTILITIES CORPORATION
17600175MS,F,BEAUMONT TOWN OF
17600177KS,F,CITY OF PARTRIDGE
17600178TN,F,HENNING TOWN OF
17600179IA,F,LENOX GAS SYSTEM
17600180IL,F,COBDEN MUN GAS SYS
17600181IL,F,RIVERTON VILLAGE OF
17600182MS,F,DUCK HILL NAT GAS SYS
17600183TN,F,LORETTO CITY OF
17600184OK,F,FORT COBB FUEL AUTHORITY
17600186IL,F,CITY OF CREAL SPRINGS
17600187IA,F,SABULA CITY OF
17600192KS,F,UNIONTOWN CITY OF
17600200MS,F,MISSISSIPPI NATURAL INC
17600204IA,F,ALLERTON GAS CO
17600217TX,,ALLISON GAS SYS INC
17600223NH,F,NORTHERN UTILITIES INC
17600225LA,,SUPENN P L CO
17600235KS,F,ALMA CITY OF
17600238NE,F,ALMA NAT GAS CO CITY OF
17600246KS,F,ALTAMONT CITY OF
17600254TX,F,ALTO CITY OF
17600306PA,F,BLACKSVILLE OIL GAS COMPANY
17600324IL,F,ANR PIPELINE COMPANY
17600325IN,F,ANR PIPELINE COMPANY
17600326KS,F,ANR PIPELINE COMPANY
17600327KY,F,ANR PIPELINE COMPANY
17600328LA,F,ANR PIPELINE COMPANY
17600329MI,F,ANR PIPELINE COMPANY
17600330AR,F,ANR PIPELINE COMPANY
17600331NE,F,ANR PIPELINE COMPANY
17600341TX,F,FORMOSA HYDROCARBONS CO
17600343WV,N,MOUNTAINEER GAS COMPANY
17600345KS,,UNITED CITIES GAS CO
17600368KS,N,HAINES GAS COMPANY INC
17600369GA,F,AMERICUS CITY OF
17600381AR,F,DEVALLS BLUFF NAT GAS SYS
17600434IL,F,ANNA CITY OF
17600475TX,F,ROCKPORT CITY OF
17600476KY,F,WHEELWRIGHT UTIL COMM
17600491KS,N,ARGONIA CITY OF
17600492MN,F,ARGYLE CITY OF
17600509AR,N,ARKANSAS WESTERN GAS CO
17600512AR,N,ARKANSAS WESTERN GAS CO
17600529OH,F,ARLINGTON NAT GAS CO
17600530OH,F,EASTERN NAT GAS
17600538LA,F,ARNAUDVILLE TOWN OF
17600588MS,F,ASHLAND TOWN OF
17600604MO,N,UNITED CITIES GAS COMPANY
17600618AL,F,ATHENS GAS DEPT CITY OF
17600619TN,F,ATHENS UTIL BD
17600626GA,F,ATLANTA GAS LT CO
17600639OK,N,ARCO PERMIAN CO
17600642NM,N,ARCO PERMIAN CO
17600644TX,N,ARCO PERMIAN CO
17600671AL,F,WEST ESCAMBIA UTILITIE INC
17600683KY,F,AUGUSTA CITY OF
17600688IN,F,AURORA UTIL SYS
17600689GA,F,AUSTELL NAT GAS SYS
17600697MN,F,AUSTIN UTIL
17600719KY,N,AUXIER RD GAS CO
17600739LA,N,LOUISIANA GAS SYS INC
17600775GA,F,BAINBRIDGE CITY OF
17600782LA,F,BAKER CITY OF
17600801TX,,HUB GAS CORP
17600802LA,N,BALDWIN TOWN OF
17600803MS,F,BALDWYN MUN GAS SYS
17600813MD,F,BGE
17600821CO,F,BLACK HILLS ENERGY
17600858KY,F,BARDWELL NAT GAS
17600908MS,F,BATESVILLE CITY OF
17600909IN,F,BATESVILLE GAS UTILITY
17600910NY,F,BATH ELECTRIC GAS AND WATER SYSTEMS
17600915MI,F,NORTHERN STATES PWR CO
17600916LA,F,ST AMANT GAS CO
17600931TX,F,BAY CITY GAS CO
17600932AL,F,NORTH BALDWIN UTILITIES
17600937MS,F,BAY ST LOUIS CITY OF
17600938MS,F,BAY SPRINGS CITY OF
17601000MS,F,ROUNDTREE & ASSOCIATES INC
17601009LA,,Tuscaloosa PL
17601027AL,F,DORA GAS BD
17601034TN,F,BELLS GAS AND WATER
17601035TX,F,BELLVILLE CITY OF
17601037AL,F,MARSHALL CTY GAS DIST
17601043AL,F,NORTH ALABAMA GAS DISTRICT
17601045TX,N,BENAVIDES CITY OF
17601050AL,F,LAMAR CTY GAS DIST
17601060SC,F,BENNETTSVILLE CITY OF
17601070AZ,F,BENSON CITY OF
17601075KY,F,BENTON GAS SYSTEM
17601085AL,,TENNESSEE RIVER DEV CO
17601093MA,F,BERKSHIRE GAS COMPANY THE
17601097AL,F,CARBON HILL UTIL BD CITY OF
17601098AL,F,CHILDERSBURG WTR SWR   GAS BD
17601100MO,F,BERNIE CITY OF
17601101AL,F,DAPHNE UTILS BD CITY OF
17601102AL,,DELVAN DEV CORP
17601104AL,F,GORDO WATER GAS SEWER BD
17601107AL,F,MOULTON GAS SYS
17601108AL,N,MT VERNON TOWN OF
17601110AL,F,STEVENSON UTIL BD
17601113LA,F,BERWICK TOWN OF
17601114AL,N,WILTON TOWN OF
17601115AL,F,WILCOX COUNTY GAS DISTRICT
17601116AL,N,PICKENS COUNTY NATURAL GAS DISTRICT
17601117NC,F,BESSEMER CITY OF
17601118KY,F,B AND H GAS CO INC
17601119KY,F,BARLOW MUN GAS CO
17601120LA,F,BASILE TOWN OF
17601123MO,F,CITY OF CLARENCE
17601131MO,F,BETHANY CITY OF
17601132IL,F,BETHANY VILLAGE OF
17601163TX,F,BIG LAKE CITY OF
17601176OK,F,BILLINGS PUB WORK AUTH
17601212SC,N,BLACKSBURG TOWN OF
17601215WV,F,BLACKSVILLE OIL GAS COMPANY
17601247IA,F,BLOOMFIELD CITY OF
17601248MA,F,COLONIAL GAS CO CO KEYSPAN
17601250KS,F,DENISON CITY OF
17601251KY,F,DRAKESBORO NAT GAS
17601253FL,,FIVE FLAGS P L CO
17601257FL,F,BLOUNTSTOWN CITY OF
17601305WV,F,BLUEFIELD GAS CO
17601308TX,F,GREY FOREST UTIL
17601309KS,N,HAMILTON MUN NAT GAS
17601310KS,F,HARDTNER CITY GAS
17601317AL,F,BOAZ CITY OF GAS BD
17601344TN,F,BOLIVAR CITY OF
17601358TX,N,CROSSTEX ENERGY SERVICES LP
17601370MS,F,BOONEVILLE MUNICIPAL GAS
17601371IN,F,BOONVILLE NAT GAS CORP
17601391MA,F,BOSTON GAS CO DBA NATIONAL GRID
17601441GA,F,BOWMAN CITY OF
17601446LA,F,BOYCE TOWN OF
17601489TX,F,BRAZORIA CITY OF
17601490CA,,GREAT WESTERN P L CO
17601492LA,N,BREAUX BRIDGE CITY OF
17601496TX,F,DOW PIPELINE COMPANY
17601534RI,N,BRISTOL   WARREN GAS CO
17601565NY,F,THE BROOKLYN UNION GAS CO
17601605TN,F,BROWNSVILLE ENERGY AUTH
17601647WA,N,BUCKLEY CITY OF
17601665GA,F,BUFORD CITY OF
17601715KS,F,BURLINGAME CITY OF
17601721OK,F,BURLINGTON TOWN OF
17601742KS,F,BURRTON MUN GAS SYS
17601802AL,N,BUTLER TOWN OF
17601826MS,F,BYHALIA TOWN OF
17601881IL,F,CAIRO PUB UTIL CO
17601934GA,F,CAMILLA CITY OF
17601949PA,N,CARNEGIE NAT GAS CO
17601966OR,F,CASCADE NAT GAS CORP
17601967SC,N,SOUTH CAROLINA P L CORP
17601978TX,F,CARRIZO SPRINGS CITY OF
17601986KY,F,CARROLLTON CITY OF
17601989OK,F,JAY UTILITIES AUTHORITY
17601990OH,N,ENERGY MGT SYSTEMS INC LAKESIDE
17601994GA,F,CARTERSVILLE GAS SYSTEM
17602003AK,F,BARROW UTILITIES ELECTRIC COOP
17602004WA,F,CASCADE NAT GAS CORP
17602005IA,F,CASCADE MUN UTIL
17602009AK,F,WHPACIFIC
17602012KS,F,CASSODAY CITY OF
17602016AK,F,ALASKA PIPELINE COMPANY
17602017AK,F,ENSTAR NAT GAS
17602023TX,F,CASTROVILLE CITY OF
17602042IA,F,LORIMOR MUNICIPAL GAS SYS
17602056MS,F,CANTON MUN UTIL
17602086LA,F,CARENCRO GAS SYS
17602098KY,F,CARLISLE CITY OF
17602128IA,F,CEDAR FALLS UTIL
17602141CO,F,CENTER MUNICIPAL GAS SYSTEM
17602143TN,F,CENTERVILLE TOWN OF
17602153NE,F,CENTRAL CITY GAS DEPT
17602168NY,F,CENTRAL HUDSON GAS & ELECTRIC
17602170IL,N,CENTRAL ILLINOIS LT CO
17602171IL,N,CENTRAL ILLINOIS PUB SVC CO
17602177KS,F,MIDWEST ENERGY INC
17602178LA,N,ATMOS ENERGY CORPORATION
17602193MS,F,CENTREVILLE TOWN OF
17602200LA,,GASDEL P L SYS INC
17602203LA,F,DOW INTERSTATE GAS CO
17602218AL,F,CHEROKEE TOWN OF
17602225IL,F,CHESTER CITY OF
17602228SC,F,CHESTER CTY NAT GAS AUTH
17602261WY,F,BLACK HILLS ENERGY
17602262MS,F,CHICKASAWHAY NAT GAS
17602272FL,F,CHIPLEY CITY OF
17602300PA,F,CHAMBERSBURG BOROUGH OF
17602321IN,N,CHANDLER NAT GAS CORP
17602327KS,F,CHANUTE CITY OF
17602341VA,F,CHARLOTTESVILLE CITY OF
17602360LA,F,CHATHAM TOWN OF
17602362FL,F,CHATTAHOOCHEE CITY OF
17602364TN,F,CHATTANOOGA GAS CO
17602369OH,F,DUKE ENERGY OHIO
17602373MN,F,CENTENNIAL UTIL DBA CIRCLE PINES UTI
17602377IL,F,CISNE VILLAGE OF
17602383KS,F,SOUTHERN STAR CENTRAL GAS PIPELINE
17602431MI,F,CITIZENS GAS FUEL CO
17602435CO,N,KINDER MORGAN
17602458FL,F,FLORIDA CITY GAS
17602462WI,F,CITY GAS CO
17602484TX,F,SAN ANTONIO PUB SVC BD
17602511AL,F,CLARKE MOBILE COUNTIES GAS DISTRICT
17602527TN,F,CLARKSVILLE GAS DEPT
17602535KY,F,CLAY CITY OF
17602536IL,F,CLAY CITY VILLAGE OF
17602548LA,F,CLAYTON TOWN OF
17602553FL,F,CLEARWATER GAS SYS
17602565OK,F,CITY OF CLEVELAND
17602577KY,F,CLINTON CITY OF
17602584LA,F,CLINTON TOWN OF
17602603CA,N,COALINGA CITY OF
17602625GA,F,COCHRAN CITY OF
17602627WY,N,ENERGY WEST WYOMING
17602668LA,F,COLFAX GAS DEPT
17602690CO,F,COLORADO INTERSTATE GAS COMPANY LLC
17602691CO,F,WYOMING INTERSTATE COMPANY LLC
17602695CO,F,COLORADO SPRINGS UTILITIES
17602701LA,F,COLUMBIA TOWN OF
17602703TX,F,COLUMBUS CITY OF
17602705KY,F,COLUMBIA GAS DIST CO
17602732LA,N,COLVIN GAS CO
17602745GA,F,COMMERCE CITY OF
17602760VA,,COMMONWEALTH PUB SVC CORP
17602783AL,F,SOUTH ALABAMA GAS
17602792CT,F,YANKEE GAS SVC CO
17602803MS,N,MOSELLE FUEL COMPANY
17602810NY,F,CONSOLIDATED EDISON NEW YORK INC
17602853IL,F,CONSUMERS GAS CO
17602873WV,F,CONSUMERS GAS UTIL CO
17602900MO,F,AMEREN MISSOURI
17602926TN,F,COOKEVILLE GAS DEPARTMENT
17602935IA,F,COON RAPIDS MUN UTIL
17602970OK,F,COPAN PUBLIC WORKS AUTHORITY
17602982GA,F,CORDELE NATURAL GAS SYSTEM CITY OF
17602985AL,F,CORDOVA WTR WKS AND GAS BD
17602996IA,F,CORNING MUNICIPAL UTILITIES
17602997LA,N,NEWELLTON TOWN OF
17602998NY,F,CORNING NAT GAS CORP
17603000MS,F,CORINTH CITY OF GAS AND WATER
17603003TX,F,CORPUS CHRISTI GAS DIV
17603004KS,F,PALMER CITY OF
17603049GA,F,COVINGTON NAT GAS SYS
17603050OK,F,COVINGTON TOWN OF
17603051TX,F,SEADRIFT PIPELINE CORPORATION
17603055CO,,NORTHERN NAT GAS
17603056IA,F,NORTHERN NATURAL GAS
17603057KS,F,NORTHERN NATURAL GAS
17603058MN,F,NORTHERN NATURAL GAS
17603061NE,F,NORTHERN NATURAL GAS
17603062SD,F,NORTHERN NATURAL GAS
17603063TX,F,NORTHERN NATURAL GAS
17603070IL,F,VILLAGE OF CROSSVILLE
17603112AL,F,CULLMAN JEFFERSON GAS
17603147MT,F,CUT BANK GAS CO
17603202GA,F,DALTON UTILITIES
17603225VA,F,DANVILLE CITY OF
17603282GA,F,DAWSON CITY OF
17603288OH,N,VECTREN OF OHIO
17603310AL,F,DECATUR UTIL GAS DEPT
17603324FL,F,DEFUNIAK SPRINGS CITY OF
17603332AL,F,DEKALB CHEROKEE COUNTIES
17603349WV,N,RAVENCLIFF FUEL AND SUPPLY
17603352DE,F,DELMARVA POWER AND LIGHT CO
17603355LA,F,DELCAMBRE TOWN OF
17603359TX,F,ENBRIDGE PIPELINES EAST TEXAS
17603360OK,N,ONEOK FIELD SERVICE CO
17603381NM,F,DEMING GAS SYS
17603388LA,F,DENHAM SPRINGS CITY OF
17603434TX,N,DEVINE CITY OF
17603468TN,F,GREATER DICKSON GAS AUTHORITY
17603511IL,F,DIVERNON VILLAGE OF
17603569LA,F,DONALDSONVILLE CITY OF
17603570AR,,J W GATHERING CO
17603572CO,N,J-W GATHERING CO
17603573LA,F,J-W GATHERING COMPANY
17603598MI,N,QUICKSILVER RESOURCES INC
17603599OK,F,TALOGA TOWN OF
17603632OK,F,DRUMRIGHT GAS AUTHORITY
17603634OK,F,OILTON PUBLIC WORKS AUTHORITY
17603637GA,F,DUBLIN CITY OF
17603654MN,F,DULUTH CITY OF
17603657TX,F,DUMAS CITY OF
17603676PA,F,C E DUNMIRE GAS CO INC
17603687IL,F,DUPO VILLAGE OF
17603700TX,N,OAKHILL PIPELINE LP
17603706TN,F,DYERSBURG GAS SYSTEM
17603734TX,N,KINDER MORGAN SOUTH TEXAS
17603738NM,N,RAPTOR NATURAL PIPELINE LLC
17603740LA,N,BRIDGELINE HOLDINGS LP
17603742AL,F,EAST CENTRAL ALABAMA GAS DISTRICT
17603751OH,N,EAST OHIO GAS CO
17603754TN,F,EAST TENNESSEE NATURAL GAS LLC
17603756TX,N,EAST TEXAS INDUSTRIAL GAS LLC
17603762CO,N,EASTERN COLORADO UTIL CO
17603782DE,F,EASTERN SHORE NATURAL GAS CO
17603789GA,F,EATONTON CITY OF
17603814TX,F,GOLDSMITH CITY OF
17603837IL,F,EDINBURG MUN GAS SYSTEM
17603845LA,N,UCAR PIPELINE INCORP
17603864AZ,F,EL PASO NATURAL GAS COMPANY LLC
17603878GA,F,ELBERTON UTILITIES  NAT GAS DIV
17603884TX,F,ELDORADO CITY OF
17603892NJ,N,PIVOTAL UTILITY DBA ELIZABETHTOWN
17603893KY,F,ELIZABETHTOWN CITY OF
17603898TN,F,ELK RIVER PUBLIC UTILITY DISTRICT
17603902MD,F,PIVOTAL UTILITIES DBA ELKTON GAS
17603907WA,F,ELLENSBURG CITY OF
17603909OH,F,WATERVILLE GAS COMPANY
17603915TX,N,TEJAS GAS OPERATING LLC
17603980TN,F,ENGLEWOOD GAS
17603995WA,F,ENUMCLAW CITY OF
17604002KY,N,EQUITABLE GAS COMPANY
17604005AZ,N,BLACK MOUNTAIN GAS CO
17604010TX,N,ACACIA NAT GAS CORP
17604040TN,F,ETOWAH UTILITIES
17604067IA,F,WAUKEE MUNICIPAL GAS
17604069WV,F,WELCH GAS CO OP
17604076MO,A,UNITED CITIES GAS CO
17604103OK,F,FAIRFAX TOWN OF
17604104IL,F,FAIRFIELD CITY OF
17604107AL,F,FAIRHOPE CITY OF
17604115MA,F,LIBERTY UTILITIES NENGC CORP
17604228AL,F,FAYETTE GAS BOARD
17604229WY,,ANR P L
17604230TN,F,FAYETTEVILLE PUBLIC UTILITY GAS DEPT
17604259KY,F,FERGUSON CITY OF
17604278NY,F,FILLMORE GAS CO
17604283IL,F,FINDLAY VILLAGE OF
17604296TN,F,MT PLEASANT GAS SYS
17604315MA,F,FITCHBURG GAS AND ELECTRIC COMPANY
17604345IL,F,FLAT ROCK MUNICIPAL GAS
17604346TX,F,WINONA CITY OF
17604365AL,N,FLOMATON TOWN OF
17604367IL,F,FLORA CITY OF
17604371AL,F,FLORENCE NATURAL GAS DEPT CITY OF
17604377AL,F,FLORIDA GAS TRANSMISSION COMPANY
17604384FL,F,FLORIDA PUBLIC UTILITIES
17604400AL,F,FOLEY UTILS BD CITY OF
17604407KS,N,FORD CITY OF
17604420LA,F,FOREST HILL VILLAGE OF
17604434FL,N,FORT MEADE CITY OF
17604435CO,F,FORT MORGAN CITY OF
17604436FL,F,FORT PIERCE UTIL AUTH
17604438AR,F,ARKANSAS OKLAHOMA GAS CORPORATION
17604460SC,F,FOUNTAIN INN NATURAL GAS
17604499WY,F,FRANNIE DEAVER UTILITIES
17604547OK,F,FREEDOM MUNICIPAL TRUST AUTHORITY
17604567MS,N,FRIARS POINT TOWN OF
17604633KY,F,FULTON NAT GAS SYS
17604635MS,F,FULTON MUNICIPAL GAS SYS
17604636AL,F,FULTONDALE GAS BOARD
17604757TN,N,GAINESBORO NATURAL GAS
17604769TN,F,GALLATIN NATURAL GAS SYSTEMS
17604796KS,F,GARNETT CITY OF
17604800TX,N,EASTEX GAS STORAGE   EXCHANGE
17604807TX,,GASDEL P L SYS INC
17604810TX,N,ATMOS ENERGY CORP
17604815TX,N,KINDER MORGAN TEJAS PIPELINE LP
17604829NH,N,ENERGYNORTH NAT GAS INC
17604830OH,N,GAS TRANSPORT INC
17604832LA,F,GAS UTIL DIST 1 EBR PARISH
17604940TN,F,GIBSON COUNTY UTILITY DISTRICT
17604998LA,F,GLENMORA TOWN OF
17605005AR,N,AUGUSTA LT WTR GAS
17605014MS,F,GLOSTER TOWN OF
17605017AR,F,LOGAN TWP GAS USERS ASSN
17605022AR,F,DES ARC GAS COMPANY
17605041LA,N,GOLDEN MEADOW TOWN OF
17605052LA,F,GONZALES CITY OF
17605098IA,F,GRAETTINGER TOWN OF
17605109MO,F,GRANBY CITY OF
17605111LA,F,GRAND COTEAU TOWN OF
17605113TX,F,GRANDFALLS CITY OF
17605119LA,F,GRAND ISLE TOWN OF
17605125NH,F,GRANITE STATE GAS TRANSMISSION
17605127MO,F,GRANT CITY CITY OF
17605161AL,F,GRAYSVILLE CITY OF
17605162IL,F,GRAYVILLE CITY OF
17605164MT,F,ENERGY WEST INC
17605178CO,F,ATMOS ENERGY CORPORATION
17605209GA,F,GREENSBORO CITY OF
17605211LA,F,GREENSBURG TOWN OF
17605213IL,F,GREENUP VILLAGE OF
17605216SC,F,GREENWOOD COMM OF PUB WKS
17605222NC,F,GREENVILLE UTILITIES COMMISSION
17605224SC,F,GREER COMMISSION OF PUBLIC WORKS
17605291LA,F,GUEYDAN TOWN OF
17605318LA,F,ENTERGY GULF STATES LOUISIANA LLC
17605328IA,F,GUTHRIE CTR MUNICIPAL UTILITIES
17605331OK,F,GUYMON MUN GAS CO
17605402MN,F,HALLOCK CITY OF
17605407TN,F,HALLS MUNICIPAL GAS SYSTEM
17605411KS,F,HALSTEAD MUN GAS DEPT
17605422OH,F,HAMILTON CITY OF
17605443PA,N,HANLEY AND BIRD INC
17605477OK,F,HARDESTY TOWN OF
17605491IA,F,HARLAN MUNICIPAL UTILITIES
17605511TN,F,HARRIMAN UTILITY BOARD
17605558AL,F,HARTSELLE UTILITIES
17605562GA,F,HARTWELL CITY OF
17605573OK,F,HASKELL PUBLIC WORKS AUTHORITY
17605578NE,F,HASTINGS UTIL
17605591FL,F,HAVANA TOWN OF
17605593MA,N,ESSEX GAS CO
17605594IA,F,HAWARDEN MUNICIPAL UTILITIES
17605604GA,F,HAWKINSVILLE NATURAL GAS SYSTEM CITY
17605605WY,F,QUESTAR P L CO
17605607MN,F,HAWLEY CITY OF
17605621KY,F,HAZARD CITY OF
17605625AR,F,HAZEN GAS CO
17605670TX,F,HEMPHILL CITY OF
17605671TX,F,HIGH ISLAND OFFSHORE SYSTEM
17605672LA,F,HIGH ISLAND OFFSHORE SYSTEM
17605677LA,F,CHANDELEUR PIPE LINE COMPANY
17605680MS,F,CHANDELEUR PIPE LINE COMPANY
17605681KY,F,HENDERSON MUNICIPAL GAS
17605690TN,F,HENDERSON CITY OF
17605704TN,N,HENRY TOWN OF
17605754NY,F,HONEOYE STORAGE CORPORATION
17605756KS,F,HESSTON CITY OF
17605766KY,F,HICKMAN CITY OF
17605802LA,F,LOCUST RIDGE GAS COMPANY
17605893TN,F,HOHENWALD CITY OF
17605931MS,F,HOLLY SPRINGS CITY OF
17605948MA,F,HOLYOKE CITY OF
17606024PA,N,PG ENERGY DIV OF SOUTHERN UNIO
17606031CA,,WHITTIER P L
17606099CA,F,PACIFIC OFFSHORE PIPELINE COMPANY
17606148KS,N,PIONEER NATURAL RESOURCES
17606198KS,F,HUMBOLDT CITY OF
17606199TN,F,HUMBOLDT UTILS
17606226IN,F,HUNTINGBURG CITY OF
17606229TX,F,HUNTINGTON CITY OF
17606233AL,F,HUNTSVILLE UTILITIES NAT GAS DEPT
17606251MN,F,HUTCHINSON UTILITIES COMMISSION
17606286LA,F,IBERVILLE PARISH UTILITY DEPARTMENT
17606306IL,F,ILLINOIS GAS COMPANY
17606308IL,N,ILLINOIS POWER COMPANY DBA AMERENIP
17606336IA,N,INTERSTATE PWR CO
17606340KS,F,IOLA CITY OF
17606341LA,F,IOTA TOWN OF
17606363IN,F,INDIANA GAS COMPANY INC
17606365IN,F,INDIANA NATURAL GAS CORP
17606391ID,F,INTERMOUNTAIN GAS COMPANY
17606402IL,N,INTERSTATE POWER AND LIGHT COMPANY
17606404WV,N,DUKE ENERGY FIELD SERVICES L P
17606411MN,N,MINNESOTA ENERGY RESOURCES - NMU
17606428MS,F,IUKA GAS SYS
17606455LA,F,JACKSON TOWN OF
17606463TN,F,JACKSON ENERGY AUTHORITY
17606464AL,F,JACKSONVILLE WTR WKS GAS BD
17606497IN,F,JASONVILLE CITY OF
17606498IN,F,JASPER CITY OF
17606500FL,F,JAY TOWN OF
17606507TN,F,JEFFERSON COCKE CO UTILITY DISTRICT
17606516LA,F,JENA TOWN OF
17606629OK,F,JONES TOWN OF
17606651IL,F,JONESBORO CITY OF
17606652LA,F,JONESVILLE TOWN OF
17606697PA,F,KAIB AND KAIB
17606722CO,F,SOURCE GAS DISTRIBUTION LLC
17606727KS,F,KANSAS GAS SERVICE COMPANY
17606729LA,F,KAPLAN CITY OF
17606730MO,N,SOUTHERN UNION CO
17606731OK,N,KANSAS GAS SVS CO
17606756KS,F,KECHI CITY OF
17606832KY,F,NATURAL ENERGY UTIL CORP
17606834KY,,KENTUCKY WEST VIRGINIA GAS CO
17606860MT,N,KEVIN TOWN OF
17606866OK,N,KEYES UTILITY AUTHORITY
17606920NC,F,KINGS MOUNTAIN CITY OF
17606986TN,F,KNOXVILLE UTILITIES BOARD
17606993IN,N,KOKOMO GAS FUEL COMPANY
17607010TX,F,KOUNTZE CITY OF
17607026LA,F,KROTZ SPRINGS CITY OF
17607086KY,F,LA CENTER CITY OF
17607895WI,F,NATURAL GAS PL CO OF AMERICA
17608015CO,F,RATON GAS TRANSMISSION COMPANY
17608028CO,N,PATARA OIL AND GAS LLC
17608031CO,F,AGUILAR TOWN OF
17608032CO,F,WALSENBURG CITY OF
17608097TN,F,LAFAYETTE CITY OF
17608101GA,F,LAFAYETTE CITY OF
17608114GA,F,LAGRANGE CITY OF
17608119FL,F,LAKE CITY CITY OF
17608121TN,F,LAKE COUNTY UTILITY DISTRICT
17608124MN,F,LAKE PARK PUBLIC UTILITIES
17608164IA,F,LAMONI MUN UTIL
17608172KS,N,LANCASTER MUN GAS SYS
17608173OH,F,LANCASTER MUNICIPAL GAS
17608183AL,F,LANETT CITY OF
17608201IN,F,LAPEL MUNICIPAL WATER AND GAS
17608222NM,F,LAS CRUCES MUN GAS
17608246SC,F,LAURENS COMMISSION OF PUBLIC WORKS
17608250TX,N,EL PASO GAS STORAGE CO
17608251TX,F,ENTERPRISE TEXAS PIPELINE
17608255AL,N,LAWRENCE COLBERT COUNTIES
17608259TN,F,LAWRENCEBURG UTILITY SYSTEMS
17608260IN,F,SYCAMORE GAS CO
17608261GA,F,LAWRENCEVILLE CITY OF
17608292TN,F,LEBANON CITY OF
17608300CO,F,LAMAR UTILITIES BOARD
17608315FL,F,LEESBURG CITY OF
17608331KY,F,LEITCHFIELD UTIL
17608342TN,F,LENOIR CITY UTIL BD
17608370LA,F,LEONVILLE TOWN OF
17608374TN,F,LINDEN TOWN OF
17608389IN,F,LINTON CITY OF
17608416TN,F,LEWISBURG GAS DEPT
17608417KY,F,LEWISPORT CITY OF
17608423NC,F,LEXINGTON CITY OF
17608430KY,F,LIBERTY GAS CO
17608445MS,F,LIBERTY TOWN OF
17608509FL,F,LIVE OAK CITY OF
17608512KY,N,LIVERMORE GAS DEPT CITY OF
17608514AL,F,LIVINGSTON CITY OF
17608517LA,F,LIVINGSTON TOWN OF
17608521TN,F,LIVINGSTON TOWN OF
17608530TN,F,LOBELVILLE CITY OF
17608558LA,F,LOGANSPORT TOWN OF
17608584CA,F,LONG BEACH CITY OF
17608612NM,F,LORDSBURG CITY OF
17608623TN,F,LOUDON UTIL GAS DEPT
17608627KS,F,LOUISBURG CITY OF
17608629LA,N,ATOMS ENERGY CORP
17608630AR,,LOUISIANA NEVADA TRANSIT CO
17608632KY,F,LOUISVILLE GAS AND ELECTRIC CO
17608633GA,F,LOUISVILLE CITY OF
17608635IL,F,LOUISVILLE VILLAGE OF
17608660AL,N,LOXLEY TOWN OF
17608666LA,N,LUCKNOW GAS COMPANY
17608674WV,F,LUMBERPORT SHINNSTON GAS CO
17608675GA,F,LUMPKIN CITY OF
17608696TX,F,CHIRENO CITY OF
17608723TX,F,LYTLE CITY OF
17608776MO,F,MACON MUNICIPAL UTILITIES
17608787FL,F,MADISON CITY OF
17608788GA,F,MADISON CITY OF
17608791WI,F,MADISON GAS ELEC CO
17608794TN,F,MADISONVILLE CITY OF
17608795LA,F,MADISONVILLE TOWN OF
17608797CO,F,TRAILBLAZER PIPELINE COMPANY
17608840LA,F,MAMOU TOWN OF
17608846GA,F,MANCHESTER CITY OF
17608856IA,F,MANILLA CITY OF
17608864OK,F,MANNFORD PUB WORKS AUTHORITY
17608866IA,F,MANNING MUN NAT GAS
17608879AL,F,MAPLESVILLE UT BD
17608886CA,N,FOUR STAR OIL   GAS CO
17608921FL,F,MARIANNA CITY OF
17608925LA,F,MARINGOUIN TOWN OF
17608981TN,F,MARTIN CITY OF
17609228PA,F,ANDREASSI GAS CO
17609246KS,F,MCFARLAND CITY OF
17609289TX,F,MCLEAN CITY OF
17609292IL,F,MCLEANSBORO CITY OF
17609294KS,F,MCLOUTH CITY OF
17609346LA,F,MELVILLE TOWN OF
17609349TN,F,MEMPHIS LIGHT GAS AND WATER
17609381AZ,F,MESA CITY OF
17609407NE,F,METROPOLITAN UTILITIES DIST OF OMAHA
17609408NE,F,FALLS CITY CITY OF
17609428MI,N,MICHIGAN GAS STORAGE CO
17609429MI,F,MICHIGAN GAS UTILITIES CO
17609432MI,F,DTE GAS COMPANY
17609440MS,F,ANR PIPELINE COMPANY
17609451TN,F,MIDDLE TENNESSEE UTIL DIST
17609452TN,F,DELTA NATURAL GAS COMPANY
17609453MA,F,MIDDLEBOROUGH GAS & ELECTRIC DEPT
17609493IN,N,MIDWEST NATURAL GAS CORP
17609497IL,F,MIDWESTERN GAS TRANSMISSION COMPANY
17609519GA,F,MILLEN CITY OF
17609557FL,F,MILTON CITY OF
17609590AR,F,ENABLE MS RIVER TRANSMISSION
17609591IL,F,MISSISSIPPI RIVER TRANSMISSION CORP
17609601MO,N,MISSOURI PUB SVC AQUILA INC
17609621AL,F,UTILITIES BOARD TOWN OF CITRONELLE
17609622CA,,MOBIL OIL CORP
17609733NC,F,MONROE CITY OF
17609734NC,F,COLUMBIA GAS TRANSMISSION CORP
17609755MT,F,NORTHWESTERN ENERGY
17609763IN,F,MONTEZUMA MUNICIPAL GAS UTILITY
17609767LA,F,MONTGOMERY TOWN OF
17609769GA,F,MONTICELLO CITY OF
17609775LA,F,MONTPELIER VILLAGE OF
17609776GA,F,MONROE UTILITIES CITY OF
17609777GA,N,TRUSSVILLE CITY OF
17609778SC,N,TRUSSVILLE CITY OF
17609803LA,F,MOREAUVILLE VILLAGE OF
17609805KY,F,MOREHEAD UTILITY PLANT BOARD
17609812LA,F,MORGAN CITY CITY OF
17609822KY,F,MORGANFIELD CITY OF
17609824KY,F,MORGANTOWN CITY OF
17609825LA,F,MORGANZA VILLAGE OF
17609832IA,F,MORNING SUN MUNICIPAL NAT GAS SYS
17609850TX,F,MORTON CITY OF
17609852IL,F,MORTON VILLAGE OF
17609864KS,F,MOUNDRIDGE CITY OF
17609869GA,F,MOULTRIE CITY OF
17609870IL,F,MOUNT CARMEL PUB UTIL CO
17609877KY,,MOUNT OLIVET NAT GAS CO
17609888NM,F,MOUNTAINAIR TOWN OF
17609906AL,F,MULGA NAT GAS SYSTEM
17609922MO,F,ORONOGO MUN GAS CO
17609923MA,F,WAKEFIELD MUN GAS LIGHT DEPT
17609925MN,F,OWATONNA PUB UTIL
17609926OK,F,PRYOR MUNICIPAL UTILITY BOARD
17609941OH,N,MURPHY GAS INC
17609958KY,F,MURRAY CITY OF
17610023IL,F,NASHVILLE CITY OF
17610027TN,F,PIEDMONT NATURAL GAS
17610030MO,F,MOGAS PIPELINE LLC
17610051OH,F,NATIONAL GAS AND OIL COOPERATIVE
17610052IL,F,NATURAL GAS PL CO OF AMERICA
17610082TN,F,NAT GAS UTIL DIST HAWKINS CTY
17610087NJ,F,NEW JERSEY NATURAL GAS
17610099NM,F,NAVAJO TRIBAL UTILITY AUTHORITY
17610109NE,F,NEBRASKA CITY UTILITIES
17610132KS,F,NEODESHA CITY OF
17610133KS,N,NEOSHO RAPIDS CITY OF
17610141AL,F,AMERICAN MIDSTREAM TENNESSEE RIVER
17610156TN,F,NEWBERN GAS DEPT
17610157SC,F,CLINTON NEWBERRY NAT GAS AUTHORITY
17610173IN,F,NEW HARMONY MUN GAS UTILITY
17610186LA,F,ENTERGY NEW ORLEANS INC
17610191LA,F,NEW ROADS CITY OF
17610196TX,F,NEWTON CITY OF
17610197MN,F,NEW YORK MILLS MUN GAS SYS
17610199NY,F,NEW YORK STATE ELEC AND GAS CORP
17610202LA,F,NEZPIQUE GAS SYSTEM INC
17610204NY,F,NIAGARA MOHAWK DBA NATIONAL GRID
17610260IL,F,NORRIS CITY VILLAGE OF
17610268MA,N,NORTH ATTLEBORO GAS DBA LIBERTY UTIL
17610273NC,N,NUI CORPORATION
17610274NC,N,NORTH CAROLINA NATURAL GAS CORP
17610276AR,F,NORTH CROSSETT UTILITIES GAS & WATER
17610278PA,F,NORTH EAST HEAT LT
17610286PA,N,NORTH PENN GAS CO
17610289IL,F,NORTH SHORE GAS COMPANY
17610311WY,N,NORTHERN GAS COMPANY
17610322IL,F,NICOR GAS
17610323IN,N,NORTHERN INDIANA FUEL & LIGHT CO
17610324IN,F,NORTHERN INDIANA PUBLIC SERVICE CO
17610336MN,F,NORTHERN STATES PWR CO
17610347AL,F,NW ALABAMA GAS DIST AND FREEBIRD GAS
17610351OR,F,NORTHWEST NATURAL GAS CO
17610354NE,F,NORTHWESTERN ENERGY
17610359CT,F,NORWICH PUBLIC UTILITIES
17610386TN,F,OAK RIDGE UTIL DISTRICT
17610395TN,F,OBION TOWN OF
17610409WV,N,WYOMING NATURAL GAS INC
17610410GA,F,OCILLA CITY OF
17610436OH,F,OHIO CUMBERLAND GAS CO
17610438OH,F,OHIO GAS COMPANY
17610444IN,F,OHIO VALLEY GAS CORP
17610469FL,F,OKALOOSA GAS DISTRICT
17610489TN,N,OLIVE BRANCH CITY OF
17610490MS,F,OLIVE BRANCH CITY OF
17610491KY,F,OLIVE HILL CITY OF
17610521MI,F,TRANSCANADA EATON RAPIDS GSS
17610524AL,F,ONEONTA UTIL BD
17610532FL,F,CHESAPEAKE UTILITIES CORPORATION
17610535SC,F,ORANGEBURG DEPT OF PUB UTIL
17610536NY,F,ORANGE & ROCKLAND UTILITIES INC
17610550KS,F,OSAGE CITY NATURAL GAS
17610551IA,F,OSAGE MUN GAS UTIL
17610561OK,,Koch Energy Services
17610571LA,,Koch Energy Services
17610616ID,F,TRANSCANADA - GAS TRANSMISSION NW
17610617CA,F,PACIFIC GAS
17610622KY,F,PAINTSVILLE GAS SYS
17610624FL,F,PALATKA GAS AUTHORITY
17610638LA,F,PALMETTO VILLAGE OF
17610644CA,F,PALO ALTO CITY OF
17610699IL,F,PANHANDLE EASTERN PIPELINE COMPANY
17610716TN,F,PARIS-HENRY COUNTY UTIL DISTRICT
17610717MI,N,DETROIT EDISON CO THE
17610755TN,F,PARSONS TOWN OF
17610761MS,F,PASCAGOULA CITY OF
17610780LA,F,PATTERSON CITY OF
17610818TX,F,PEARSALL CITY OF
17610847GA,F,PELHAM CITY OF
17610855NE,F,PENDER VILLAGE OF
17610893PA,F,UGI PENN NATURAL GAS
17610894PA,F,NATIONAL FUEL GAS DIST PA
17610895NY,F,NATIONAL FUEL GAS DIST NY
17610913FL,F,ENERGY SERVICES OF PENSACOLA
17610924OK,F,KIEFER PUBLIC WORKS AUTH
17610928FL,F,PEOPLES GAS SYS
17610931PA,N,PEOPLES NATURAL GAS COMPANY
17610948MN,F,PERHAM CITY OF
17610960IL,F,PEOPLES GAS LIGHT AND COKE COMPANY
17610964FL,F,PERRY CITY OF
17610966GA,F,PERRY CITY OF
17610975MO,F,PERRYVILLE CITY OF
17610991VA,F,COLUMBIA GAS OF VIRGINIA
17611024ID,F,QUESTAR GAS COMPANY
17611025NY,F,STEUBEN GAS STORAGE COMPANY
17611080PA,F,PECO ENERGY COMPANY
17611082PA,F,PHILADELPHIA GAS WORKS
17611084KY,N,DEMA GAS COMPANY INC
17611092KY,F,MAJOR PIPELINE LLC
17611093PA,F,PHILLIPS T W  GAS  OIL CO
17611125OR,F,AVISTA UTILITIES
17611150OK,F,OKTEX PIPELINE COMPANY
17611197TX,F,PLAINS CITY OF
17611216MO,F,PLATTSBURG CITY OF
17611237IL,F,PITTSFIELD CITY OF
17611267NE,F,PONCA PUBLIC UTILITIES
17611278OK,F,RAMONA PUBLIC WORKS AUTHORITY
17611284LA,F,PORT ALLEN CITY OF
17611285LA,F,PORT BARRE TOWN OF
17611295CO,F,RANGELY TOWN OF
17611298TX,F,RANKIN CITY OF
17611302TN,F,PORTLAND CITY OF
17611313WV,N,W G GAS INC
17611326KS,F,READING CITY OF
17611336TN,F,POWELL CLINCH UTILITY DISTRICT
17611343AL,F,RED BAY WATER AND GAS
17611344IL,F,RED BUD CITY OF
17611373KY,F,PRESTONBURG CITY UTILITIES COMM
17611440IA,F,REMSEN MUNICIPAL UTILITIES
17611444LA,N,PROVENCAL VILLAGE OF
17611445KY,F,PROVIDENCE CITY OF
17611447RI,N,NEW ENGLAND GAS CO
17611453NY,F,RESERVE GAS COMPANY INC
17611456NJ,F,PUBLIC SERVICE ELECTRIC & GAS CO
17611457OK,N,TRANSOK INC
17611459CO,F,PUB SERVICE CO OF COLORADO
17611460NC,F,PUBLIC SVC CO OF NORTH CAROLINA
17611463MN,F,NEW ULM PUB UTIL COMM
17611464MN,N,MERC PNG
17611467TN,F,PULASKI NATURAL GAS DEPT
17611517VA,F,RICHMOND CITY OF DEPT OF PUB UTIL
17611524GA,F,RICHLAND CITY OF
17611529KY,F,RICHMOND UTILITIES BOARD
17611541PA,F,HERMAN RIEMER GAS CO
17611565NM,N,RIO GRANDE NAT GAS
17611567TX,F,STARR COUNTY GAS SYSTEM
17611568MS,F,RIPLEY CITY OF
17611570TN,F,RIPLEY CITY OF
17611572OK,F,RIPLEY PUBLIC WORKS AUTH
17611576FL,F,QUINCY CITY OF
17611598IN,F,ROACHDALE MUNICIPAL GAS UTILITY
17611601AL,F,UTILITIES BOARD OF ROANOKE
17611603VA,F,ROANOKE GAS COMPANY
17611618AL,F,ROBERTSDALE CITY OF
17611639NY,F,ROCHESTER GAS AND ELEC CORP
17611652AL,F,ROCKFORD TOWN OF
17611664TN,F,ROCKWOOD GAS SYSTEMS
17611666NC,F,ROCKY MOUNT CITY OF
17611702IL,F,ROODHOUSE CITY OF
17611766GA,F,ROYSTON GAS DEPT CITY OF
17611818AL,F,RUSSELLVILLE GAS BOARD
17611852IA,F,SAC CITY MUNICIPAL GAS CO
17611861MT,F,SACO MUNICIPAL GAS SVC
17611865AZ,F,SAFFORD CITY OF
17611878LA,F,ST FRANCISVILLE TOWN OF
17611884LA,F,ST JAMES PARISH UTILITIES
17611892MO,N,ST JOSEPH L P  EMPIRE
17611894NY,F,ST LAWRENCE GAS COMPANY INC
17611907IL,F,SALEM CITY OF
17611927CA,F,SAN DIEGO GAS AND ELECTRIC COMPANY
17611930TN,F,SAVANNAH CITY OF
17611942IA,F,SANBORN MUNICIPAL GAS UTILITY
17612004FL,F,FLORALA GAS DEPARTMENT
17612024FL,N,LAKE APOPKA NATURAL GAS DISTRICT
17612046FL,F,FLORIDA PUBLIC UTILITIES INDIANTOWN
17612050FL,F,REEDY CREEK IMPROVEMENT DIST
17612051FL,F,SUNRISE CITY OF
17612052FL,F,WILLISTON CITY OF
17612053FL,F,JASPER CITY OF
17612060TX,F,MOSS BLUFF HUB PARTNERS LP
17612064LA,F,SCOTT CITY OF
17612068KY,F,SCOTTSVILLE GAS CO
17612104OK,F,SEILING PUBLIC WORKS AUTHORITY
17612118TN,F,SELMER PUB WKS
17612130VA,N,SHENANDOAH GAS CO
17612132PA,F,SERGEANT GAS COMPANY INC
17612173TN,F,SEVIER CTY UTIL DIST
17612215MS,F,SHANNON TOWN OF
17612219KS,N,SHARON CITY OF
17612242AL,N,SHEFFIELD UTILITIES
17612243MT,F,SHELBY GAS ASSOCIATION
17612244NC,F,SHELBY CITY OF
17612249OH,F,SHELDON GAS CO
17612312WV,N,SHENANDOAH GAS CO
17612353MS,F,SHUQUALAK TOWN OF
17612355LA,F,SICILY ISLAND GAS CO
17612364NV,F,SIERRA PACIFIC POWER COMPANY
17612380AL,N,SILVERHILL TOWN OF
17612387LA,F,SIMMESPORT TOWN OF
17612458IA,F,SIOUX CENTER MUN GAS
17612520LA,F,SLAUGHTER TOWN OF
17612538OK,N,WILLIAMS GAS COMPANY
17612606TN,F,SMYRNA NAT GAS SYS
17612622GA,F,SOCIAL CIRCLE CITY OF
17612625NM,F,SOCORRO CITY OF
17612647KY,F,SOMERSET GAS SVC
17612654TN,F,SOMERVILLE TOWN OF
17612661LA,N,LOUISIANA GAS SERVICE CO
17612667IL,F,ROCK ENERGY COOPERATIVE
17612669SC,F,SOUTH CAROLINA ELEC AND GAS CO
17612673LA,F,SOUTH COAST GAS CO
17612678TN,F,SOUTH FULTON CITY OF
17612680AL,N,SOUTH GEORGIA NAT GAS CO
17612684NJ,F,SOUTH JERSEY GAS COMPANY
17612694TN,F,MARION NATURAL GAS SYSTEMS
17612718IN,F,SOUTHERN INDIANA GAS AND ELECTRIC
17612727AL,N,SOUTHERN NAT GAS CO
17612746WV,F,SOUTHERN PUBLIC SERVICE CO
17612747MA,F,DISTRIGAS OF MASSACHUSETTS LTD
17612759AL,F,SOUTHEAST ALABAMA GAS DISTRICT
17612786TX,F,SOUTHWESTERN GAS P L INC
17612790OK,F,WESTERN GAS INTERSTATE COMPANY
17612791VA,F,SOUTHWESTERN VIRGINIA GAS CO
17612806GA,F,SPARTA CITY OF
17612816TX,F,SPEARMAN CITY OF
17612818KS,F,SPEARVILLE CITY OF
17612845MO,F,SPRINGFIELD CITY UTILS
17612848TN,F,SPRINGFIELD GAS SYS
17612872MO,F,STANBERRY CITY OF
17612933FL,F,STARKE CITY OF
17612976MN,F,STEPHEN CITY OF
17613028GA,F,FITZGERALD CITY OF
17613029GA,F,FORT VALLEY UTILITY COMMISSION
17613031TX,F,STINNETT CITY OF
17613038TX,F,STOCKDALE CITY OF
17613042GA,N,MEIGS CITY OF
17613058IL,F,STONINGTON VILLAGE OF
17613063GA,N,TALBOTTON CITY OF
17613082GA,F,QUITMAN CITY OF
17613083GA,F,EDISON CITY OF
17613085GA,F,FORT GAINES CITY OF
17613086GA,F,GRANTVILLE CITY OF
17613089NE,F,STROMSBURG CITY OF
17613092GA,F,DONALSONVILLE CITY OF
17613093GA,F,ANDERSONVILLE CITY OF
17613094GA,F,HOGANSVILLE CITY OF
17613095GA,F,ASHBURN NAT GAS SYS
17613108KY,F,STURGIS NATURAL GAS
17613153LA,F,ACADIAN GAS P L SYS
17613154GA,F,SUGAR HILL CITY OF
17613158IL,F,SULLIVAN CITY OF
17613235TX,F,SUNRAY UTIL CITY OF
17613242LA,F,SUNSET TOWN OF
17613293WI,F,SUPERIOR WATER LIGHT AND POWER CO
17613300AK,N,MARATHON OIL CO
17613333TN,F,SWEETWATER UTILITIES BOARD
17613343PA,F,SWISSVALE OIL AND GAS COMPANY
17613346AL,F,SYLACAUGA UTILITIES BOARD
17613349KS,F,SYLVIA TOWN OF
17613382FL,F,TALLAHASSEE MUNICIPAL GAS SYSTEM
17613384GA,F,TALLAPOOSA CITY OF
17613385AL,F,TALLASSEE CITY OF
17613390LA,N,TANGIPAHOA VILLAGE OF
17613398OH,F,SOUTHEASTERN NATURAL GAS CO
17613429PA,N,KNOX ENERGY COOPERATIVE ASSOCIATION
17613460AL,F,TENNESSEE GAS PIPELINE COMPANY
17613535AL,F,TEXAS EASTERN TRANSMISSION LP
17613536AR,F,TEXAS EASTERN TRANSMISSION LP
17613547TX,F,DEL RIO GAS CITY OF
17613550AR,F,TEXAS GAS TRANSMISSION LLC
17613551IL,F,TEXAS GAS TRANSMISSION LLC
17613560TX,N,DESOTO PIPELINE COMPANY INC
17613583LA,F,THIBODAUX CITY OF
17613604GA,F,THOMASVILLE UTILITIES
17613620GA,F,THOMSON CITY OF
17613694GA,F,TIFTON NATURAL GAS SYSTEM
17613702GA,F,TOCCOA NATURAL GAS SYSTEM
17613718KY,F,TOMPKINSVILLE CITY OF
17613761AL,F,TRANSCONTINENTAL GAS PIPELINE
17613769AZ,F,TRANSWESTERN PIPELINE COMPANY
17613830TN,F,TRIMBLE GAS DEPT
17613832CO,F,TRINIDAD CITY OF
17613837GA,F,TRION TOWN OF
17613863TN,F,TROY TOWN OF
17613878AR,F,TRUNKLINE GAS COMPANY
17613879AL,F,TRUSSVILLE CITY OF
17613918AL,F,TUSCUMBIA CITY OF
17613952MN,F,TWO HARBORS CITY OF
17613992SC,F,UNION CITY OF
17613997IL,N,UNION ELECTRIC COMPANY
17614000MS,N,UNION GAS CO
17614007KY,F,DUKE ENERGY KENTUCKY
17614012WV,F,UNION OIL AND GAS INC
17614041GA,F,UNION POINT CITY OF
17614062AL,F,UTILITIES BD CITY OF UNION SPRINGS
17614073IA,N,ATMOS ENERGY CORPORATION
17614074GA,N,ATMOS ENERGY CORPORATION
17614075IL,N,ATMOS ENERGY CORPORATION
17614077SC,N,PIEDMONT NATURAL GAS CO INC
17614078TN,F,ATMOS ENERGY CORPORATION
17614088PA,F,UGI UTILITIES
17614090LA,F,CENTERPOINT ENERGY ENTEX
17614092AL,F,GULF SOUTH PIPELINE COMPANY LP
17614188PA,F,C T ENTERPRISES - VALLEY ENTERPRISES
17614195KY,F,VALLEY GAS INC
17614197RI,N,VALLEY GAS CO
17614198WV,N,VALLEY GAS CO
17614220KY,F,VANCEBURG ELECTRIC PLANT BOARD OF
17614283OH,F,VILLAGE OF VERONA
17614291MS,F,CITY OF VICKSBURG
17614298LA,F,VIDALIA CITY OF
17614301IL,F,VIENNA MUNICIPAL GAS SYSTEM
17614311LA,F,VILLE PLATTE CITY OF
17614319KS,N,VIOLA GAS SERVICE
17614329MN,F,VIRGINIA PUBLIC UTILITIES
17614359GA,F,WAYNESBORO CITY OF
17614389AL,N,WEDOWEE TOWN OF WTR SWR GAS BD
17614445AL,F,WADLEY CITY OF
17614462OK,F,WAKITA UTILITIES AUTHORITY
17614472PA,N,WALKER GAS & OIL COMPANY INC
17614473LA,F,WALKER TOWN OF
17614493PA,,WALLY GAS CO
17614498MS,F,WALNUT TOWN OF
17614521OK,F,WANN PUBLIC WORKS AUTHORITY
17614606DC,F,WASHINGTON GAS LIGHT COMPANY
17614608WA,F,PUGET SOUND ENERGY
17614616ID,F,AVISTA UTILITIES
17614621GA,F,ALBANY WTR GAS LT COMM
17614625IL,F,WATERLOO CITY OF
17614630LA,F,WATERPROOF TOWN OF
17614635SD,F,MUNICIPAL UTILITIES
17614637OH,F,WATERVILLE GAS AND OIL CO
17614658MS,F,WAVELAND CITY OF
17614659NY,F,VALLEY ENERGY
17614664IL,F,WAVERLY UTIL DEPT
17614669IL,F,WAYNE CITY VILLAGE OF
17614676TN,F,WAYNESBORO CITY OF
17614680IA,F,WEST BEND MUN GAS
17614701KS,F,SOUTHWEST GAS STORAGE COMPANY
17614703LA,F,BEAR CREEK STORAGE CO
17614704GA,F,WEST POINT CITY OF
17614711TN,F,WEST TENNESSEE PUBLIC UTILITY DIST
17614728KY,F,ATMOS ENERGY CORPORATION
17614749MA,F,WESTFIELD GAS AND ELECTRIC
17614750LA,F,WESTLAKE NAT GAS SYS
17614762IL,F,WESTVILLE GAS COMM
17614799IL,F,WHITE HALL CITY OF
17614813TX,N,WHITE DEER CITY OF
17614826TX,F,WHITEFACE CITY OF
17614849IA,F,WHITTEMORE MUN GAS
17614860KY,F,WICKLIFFE CITY OF
17614895AZ,F,WILLCOX CITY OF
17614896AZ,F,GRAHAM COUNTY UTILITIES INC
17614928OH,F,WILLIAMSPORT VILLAGE OF
17614930MS,N,MISSISSIPPI VALLEY GAS CO
17614934MS,F,WILLMUT GAS COMPANY
17614941OK,F,WILLOW TOWN OF
17614947NC,F,WILSON ENERGY
17614975GA,F,WINDER CITY OF
17614984KS,F,WINFIELD CITY OF
17614986IA,F,WINFIELD MUNICIPAL GAS
17614999SC,F,WINNSBORO TOWN OF
17615001HI,F,THE GAS COMPANY LLC
17615019WI,N,WISCONSIN PUBLIC SERVICE CORP
17615025WI,F,WISCONSIN ELEC PWR CO
17615027WI,F,WISCONSIN POWER AND LIGHT COMPANY
17615081IA,F,WOODBINE MUNICIPAL NATURAL GAS
17615082TX,F,WOODSBORO NATURAL GAS CORP
17615087NY,N,WOODHULL MUNICIPAL GAS
17615088GA,F,WOODLAND CITY OF
17615102MS,F,WOODVILLE TOWN OF
17615103TX,F,WOODVILLE CITY OF
17615104TX,N,EL PASO CGP GAS TRANSMISSION CO
17615111MA,F,NSTAR GAS COMPANY
17615121GA,F,WRENS CITY OF
17615153WY,F,WYOMING GAS CO
17615169OK,F,YALE WATER & SEWER TRUST
17615203SC,F,YORK CTY NATURAL GAS AUTHORITY
17615238LA,F,ZACHARY CITY OF
17615245KY,N,ZEBULON GAS ASSN
17616150RI,F,ALGONQUIN GAS TRANSMISSION COMPANY
17616152PA,F,EASTERN SHORE NATURAL GAS CO
17616153TX,F,FLORIDA GAS TRANSMISSION COMPANY
17616155AR,F,NATURAL GAS PL CO OF AMERICA
17616156IL,F,TEXAS EASTERN TRANSMISSION LP
17616157IA,F,ANR PIPELINE COMPANY
17616159GA,N,SOUTHERN NAT GAS CO
17616160LA,F,SOUTHERN NATURAL GAS COMPANY
17616161MS,F,SOUTHERN NATURAL GAS COMPANY
17616163SC,F,SOUTHERN NATURAL GAS COMPANY
17616164TX,F,SOUTHERN NATURAL GAS COMPANY
17616165OR,F,TRANSCANADA - GAS TRANSMISSION NW
17616166WA,F,TRANSCANADA - GAS TRANSMISSION NW
17616167KS,F,COLORADO INTERSTATE GAS COMPANY LLC
17616168WY,F,WYOMING INTERSTATECO LLC
17616169OK,F,COLORADO INTERSTATE GAS COMPANY LLC
17616170TX,F,COLORADO INTERSTATE GAS COMPANY LLC
17616171WY,F,COLORADO INTERSTATE GAS COMPANY LLC
17616172MD,F,WASHINGTON GAS LIGHT COMPANY
17616173VA,N,WASHINGTON GAS AND LIGHT COMPANY
17616174FL,F,FLORIDA GAS TRANSMISSION COMPANY
17616175LA,F,FLORIDA GAS TRANSMISSION COMPANY
17616176MS,F,FLORIDA GAS TRANSMISSION COMPANY
17616177FL,N,SOUTH GEORGIA NAT GAS CO
17616178GA,N,SOUTH GEORGIA NAT GAS CO
17616179IA,F,NATURAL GAS PL CO OF AMERICA
17616180KS,F,NATURAL GAS PL CO OF AMERICA
17616181MO,F,NATURAL GAS PL CO OF AMERICA
17616182NE,F,NATURAL GAS PL CO OF AMERICA
17616183OK,F,NATURAL GAS PL CO OF AMERICA
17616184TX,F,NATURAL GAS PL CO OF AMERICA LLC
17616185IN,F,TEXAS GAS TRANSMISSION LLC
17616186KY,F,TEXAS GAS TRANSMISSION LLC
17616187LA,F,TEXAS GAS TRANSMISSION LLC
17616188MS,F,TEXAS GAS TRANSMISSION LLC
17616189OH,F,TEXAS GAS TRANSMISSION LLC
17616190TN,F,TEXAS GAS TRANSMISSION LLC
17616191TX,F,TEXAS GAS TRANSMISSION LLC
17616194KY,F,TEXAS EASTERN TRANSMISSION LP
17616195LA,F,TEXAS EASTERN TRANSMISSION LP
17616196MD,F,TEXAS EASTERN TRANSMISSION LP
17616197MS,F,TEXAS EASTERN TRANSMISSION LP
17616198MO,F,TEXAS EASTERN TRANSMISSION LP
17616199NJ,F,TEXAS EASTERN TRANSMISSION LP
17616201NY,F,TEXAS EASTERN TRANSMISSION LP
17616202OH,F,TEXAS EASTERN TRANSMISSION LP
17616203PA,F,TEXAS EASTERN TRANSMISSION LP
17616204TN,F,TEXAS EASTERN TRANSMISSION LP
17616205TX,F,TEXAS EASTERN TRANSMISSION LP
17616206WV,F,TEXAS EASTERN TRANSMISSION LP
17616207FL,F,GULF SOUTH PIPELINE COMPANY LP
17616208LA,F,GULF SOUTH PIPELINE COMPANY LP
17616209MS,F,GULF SOUTH PIPELINE COMPANY LP
17616210TX,F,GULF SOUTH PIPELINE COMPANY LP
17616213MO,F,ANR PIPELINE COMPANY
17616214OK,F,ANR PIPELINE COMPANY
17616215TN,F,ANR PIPELINE COMPANY
17616216WI,F,ANR PIPELINE COMPANY
17616217ND,F,WBI ENERGY TRANSMISSION INC
17616218MT,F,WBI ENERGY TRANSMISSION INC
17616219SD,F,WBI ENERGY TRANSMISSION INC
17616220WY,F,WBI ENERGY TRANSMISSION INC
17616221LA,F,ENABLE MS RIVER TRANSMISSION
17616222MO,F,ENABLE MS RIVER TRANSMISSION
17616223TX,F,MISSISSIPPI RIVER TRANSMISSION CORP
17616224IN,F,PANHANDLE EASTERN PIPELINE COMPANY
17616225KS,F,PANHANDLE EASTERN PIPELINE COMPANY
17616226MI,F,PANHANDLE EASTERN PIPELINE COMPANY
17616227MO,F,PANHANDLE EASTERN PIPELINE COMPANY
17616228OH,F,PANHANDLE EASTERN PIPELINE COMPANY
17616229OK,F,PANHANDLE EASTERN PIPELINE COMPANY
17616230TX,F,PANHANDLE EASTERN PIPELINE COMPANY
17616232MD,F,COLUMBIA GAS DIST CO
17616233MS,F,COLUMBIA GULF TRANSMISSION
17616235OH,F,COLUMBIA GAS OF OHIO
17616236PA,F,COLUMBIA GAS OF PENNSYLVANIA
17616237TN,F,COLUMBIA GULF TRANSMISSION
17616239WV,N,MOUNTAINEER GAS DBA ALLEGHENY POWER
17616240MO,F,SOUTHERN STAR CENTRAL GAS PIPELINE
17616241NE,F,SOUTHERN STAR CENTRAL GAS PIPELINE
17616242OK,F,SOUTHERN STAR CENTRAL GAS PIPELINE
17616243TX,F,SOUTHERN STAR CENTRAL GAS PIPELINE
17616244CO,F,EL PASO NATURAL GAS COMPANY
17616245ID,F,NORTHWEST PIPELINE GP
17616246NM,F,EL PASO NATURAL GAS COMPANY LLC
17616247OK,F,EL PASO NATURAL GAS COMPANY LLC
17616248OR,F,NORTHWEST PIPELINE GP
17616249TX,F,EL PASO NATURAL GAS COMPANY LLC
17616251WA,F,NORTHWEST PIPELINE GP
17616252WY,F,NORTHWEST PIPELINE GP
17616253PA,F,NATIONAL FUEL GAS SUPPLY CORPORATION
17616254IN,F,MIDWESTERN GAS TRANSMISSION COMPANY
17616255KY,F,MIDWESTERN GAS TRANSMISSION COMPANY
17616256MN,F,VIKING GAS TRANSMISSION COMPANY
17616257ND,F,VIKING GAS TRANSMISSION COMPANY
17616258TN,F,MIDWESTERN GAS TRANSMISSION COMPANY
17616259WI,F,VIKING GAS TRANSMISSION COMPANY
17616260AR,F,TENNESSEE GAS PIPELINE COMPANY
17616262KY,F,TENNESSEE GAS PIPELINE COMPANY
17616263LA,F,TENNESSEE GAS PIPELINE COMPANY
17616264MA,F,TENNESSEE GAS PIPELINE COMPANY
17616265MS,F,TENNESSEE GAS PIPELINE COMPANY
17616266NH,F,TENNESSEE GAS PIPELINE COMPANY
17616267NJ,F,TENNESSEE GAS PIPELINE COMPANY
17616268NY,F,TENNESSEE GAS PIPELINE COMPANY
17616269OH,F,TENNESSEE GAS PIPELINE COMPANY
17616270PA,F,TENNESSEE GAS PIPELINE COMPANY
17616271RI,F,TENNESSEE GAS PIPELINE COMPANY
17616272TN,F,TENNESSEE GAS PIPELINE COMPANY
17616273TX,F,TENNESSEE GAS PIPELINE COMPANY
17616274WV,F,TENNESSEE GAS PIPELINE COMPANY
17616275GA,F,TRANSCONTINENTAL GAS PIPELINE
17616276LA,F,TRANSCONTINENTAL GAS PIPELINE
17616277MD,F,TRANSCONTINENTAL GAS PIPELINE
17616278MS,F,TRANSCONTINENTAL GAS PIPELINE
17616279NJ,F,TRANSCONTINENTAL GAS PIPELINE
17616280NY,F,TRANSCONTINENTAL GAS PIPELINE
17616281NC,F,TRANSCONTINENTAL GAS PIPELINE
17616282PA,F,TRANSCONTINENTAL GAS PIPELINE
17616283SC,F,TRANSCONTINENTAL GAS PIPELINE
17616284TX,F,TRANSCONTINENTAL GAS PIPELINE
17616285VA,F,TRANSCONTINENTAL GAS PIPELINE
17616287NM,F,TRANSWESTERN PIPELINE COMPANY
17616288OK,N,TRANSWESTERN PIPELINE COMPANY
17616289TX,F,TRANSWESTERN PIPELINE COMPANY
17616290IL,F,TRUNKLINE GAS COMPANY
17616291IN,F,TRUNKLINE GAS COMPANY
17616292KY,F,TRUNKLINE GAS COMPANY
17616293LA,F,TRUNKLINE GAS COMPANY
17616294MS,F,TRUNKLINE GAS COMPANY
17616295TN,F,TRUNKLINE GAS COMPANY
17616296TX,F,TRUNKLINE GAS COMPANY
17616297LA,N,DOMINION TRANSMISSION INCORPORATED
17616298NY,F,DOMINION TRANSMISSION INCORPORATED
17616299PA,F,DOMINION TRANSMISSION INCORPORATED
17616300WV,F,DOMINION TRANSMISSION INCORPORATED
17616302UT,F,QUESTAR GAS COMPANY
17616303WY,F,QUESTAR GAS COMPANY
17616304IL,F,NORTHERN NATURAL GAS
17616307MI,F,NORTHERN NATURAL GAS
17616310NM,F,NORTHERN NATURAL GAS
17616311OK,F,NORTHERN NATURAL GAS
17616313WI,F,NORTHERN NATURAL GAS
17616314VA,F,DOMINION TRANSMISSION INCORPORATED
17616527AL,F,PIEDMONT WATER GAS AND SEWER BOARD
17616533FL,F,CRESCENT CITY NAT GAS
17616534FL,F,GAINESVILLE REGIONAL UTILITIES
17616535GA,N,CRAWFORDVILLE CITY OF
17616536IL,F,PINCKNEYVILLE CITY OF
17616537IN,F,CITIZENS ENERGY GROUP
17616538IN,F,PITTSBORO TOWN OF
17616539MN,F,INTERSTATE POWER AND LIGHT COMPANY
17616543IA,N,IES UTIL INC
17616546KY,F,PIKEVILLE CITY OF
17616552LA,F,PIERRE PART NAT GAS
17616555MS,F,CENTERPOINT ENERGY ENTEX
17616556TX,F,CENTERPOINT ENERGY ENTEX
17616558MA,F,COLUMBIA GAS OF MASSACHUSETTS
17616562AR,,UNION GAS CO
17616567WI,F,NORTHERN STATES PWR CO
17616572MO,F,LACLEDE GAS COMPANY
17616575CA,N,SOUTHWEST GAS CORPORATION
17616576AZ,F,SOUTHWEST GAS CORPORATION
17616577NV,F,SOUTHWEST GAS CORPORATION
17616578NV,N,TRUSSVILLE CITY OF
17616578SC,F,PIEDMONT NATURAL GAS
17616579NC,N,PIEDMONT NATURAL GAS
17616580OH,F,PIKE NATURAL GAS CO
17616581OK,F,GRANITE TOWN OF
17616582WA,F,NORTHWEST NATURAL GAS CO
17616588TN,F,CITIZENS GAS UTIL DISTRICT
17616589TN,F,COVINGTON CITY OF
17616590TN,F,CROCKETT PUBLIC UTILITY DIST
17616592TX,F,PINELAND CITY OF
17616593TX,F,ROBSTOWN UTIL SYS
17616595WA,F,AVISTA UTILITIES
17616597WI,F,WISCONSIN GAS COMPANY
17616599WI,N,WISCONSIN PUB SVC CORP
17616600MI,F,WISCONSIN PUB SVC CORP
17617016CA,,ARCO WESTERN ENERGY
17617022CA,N,TEXACO EXPLOR PROD INC
17617034OK,F,ARKANSAS OKLAHOMA GAS CORPORATION
17617078IL,F,CASEY CITY OF
17617079IL,F,ENFIELD MUNICIPAL GAS SYSTEM
17617083IL,F,EQUALITY MUNICIPAL GAS
17617084IL,F,FRANKLIN GAS DEPT
17617085IL,F,GEFF VILLAGE OF
17617091KS,N,OXY USA INC
17617099KS,A,Company in KS 1997/1998
17617103KS,,MOBIL OIL CORP
17617105KS,F,LINN ENERGY LLC
17617106KS,F,DCP MIDSTREAM LP
17617118KS,F,CHEVRONTEXACO
17617157LA,,MOBIL OIL EXPLOR & PROD
17617174LA,F,CHEVRONTEXACO
17617178LA,N,ENBRIDGE OFFSHORE PIPELINES  UTOS
17617183MI,F,CONSUMERS ENERGY COMPANY
17617197TX,F,ANR PIPELINE COMPANY
17617198MS,F,AMERICAN MIDSTREAM MIDLA LLC
17617225MT,F,VANGUARD OPERATING LLC
17617233NE,F,SUPERIOR CITY OF
17617235NE,F,SOURCE GAS DISTRIBUTION LLC
17617263NM,N,DUKE FIELD ENERGY SERVICES LP
17617270NM,N,PNM GAS SERVICES
17617271NM,F,WILLIAMS FIELD SERVICE
17617315OK,N,OXY USA INC
17617327OK,N,KN ENERGY INC
17617337OK,,MOBIL OIL CORP
17617342OK,F,OKLAHOMA NATURAL GAS CO
17617343OK,,AMOCO PROD CO
17617345OK,F,DCP MIDSTREAM LP
17617357OK,F,CHEVRON USA INC
17617365PA,N,EQUITABLE GAS CO
17617373PA,F,PIKE COUNTY LIGHT AND POWER
17617384GA,F,BYRON CITY OF
17617416TX,N,J M HUBER CORPORATION
17617421TX,,ENRON IND NAT GAS CO
17617436TX,N,ATMOS
17617437TX,,MOBIL OIL CORP
17617442TX,N,TEJAS SHIP CHANNEL LLC
17617444TX,,AMOCO PROD CO
17617447TX,N,GPM GAS CORP
17617454TX,N,EAGLE ROCK FIELD SERVICES LP
17617462TX,F,TEXAS GAS SERVICE
17617466TX,,CHEVRON USA PROD INC
17617471TX,N,TEXACO E & P INC
17617494VA,F,EAST TENNESSEE NATURAL GAS LLC
17617498WV,F,CRANBERRY PL CORP
17617499WV,N,CARNEGIE NAT GAS CO
17617502WV,N,EQUITABLE GAS COMPANY
17617503WV,N,GAS TRANSPORT INC
17617511WV,F,HG ENERGY LLC
17617525WY,F,SOURCE GAS DISTRIBUTION LLC
17617529WY,N,PAN CANADIAN
17617531WY,F,VANGUARD OPERATING LLC
17617544AK,N,CHEVRON USA INC
17617545AK,F,HILCORP ALASKA LLC
17617562SC,N,ADJUSTMENT P L CO
17617565MN,F,GREAT LAKES GAS TRANSMISSION LP
17617566WI,F,GREAT LAKES GAS TRANSMISSION LP
17617567MI,F,GREAT LAKES GAS TRANSMISSION LP
17617570KY,F,CENTURY ALUMINUM SEBREE
17617571MI,F,ANR STORAGE COMPANY
17617574WV,F,WASHINGTON GAS LIGHT COMPANY
17617575CO,F,QUESTAR P L CO
17617576UT,F,QUESTAR P L CO
17617641WY,F,COLUMBIA GULF TRANSMISSION
17617648TX,N,COLUMBIA GULF TRANS CO
17617651KY,F,COLUMBIA GAS TRANSMISSION CORP
17617652MD,F,COLUMBIA GAS TRANSMISSION CORP
17617653NY,F,COLUMBIA GAS TRANSMISSION CORP
17617654OH,F,COLUMBIA GAS TRANSMISSION CORP
17617655PA,F,COLUMBIA GAS TRANSMISSION CORP
17617656VA,F,COLUMBIA GAS TRANSMISSION CORP
17617657LA,F,COLUMBIA GULF TRANSMISSION
17617658KY,F,COLUMBIA GULF TRANSMISSION
17617675WY,N,WILLIAMS FIELD SERVICES CO
17617823NY,F,KEYSPAN ENERGY DBA NATIOAL GRID NY
17617828OH,F,ANR PIPELINE COMPANY
17617829NM,F,NATURAL GAS PL CO OF AMERICA
17617830LA,F,NATURAL GAS PL CO OF AMERICA
17617833SD,F,NORTHWESTERN ENERGY
17617835TN,F,DUNLAP NAT GAS SYS
17617839TN,F,PIKEVILLE TOWN OF
17617840AL,F,BROOKSIDE GAS SYSTEM
17617844IL,F,ROSSVILLE MUN GAS VILLAGE OF
17617848GA,F,SYLVESTER CITY OF
17617849TX,F,SWEENY CITY OF
17617851NM,F,RATON NATURAL GAS
17617852FL,N,SOUTHERN UNION GAS CO
17617853AL,F,MOBILE GAS SVC CORP
17617857GA,F,SUMMERVILLE NAT GAS SYS
17617859GA,F,DOUGLAS GAS SYS
17617860AL,F,DADEVILLE GAS BOARD
17617861NM,F,EMW GAS ASSN
17617863KS,F,LYONS CITY OF
17617865MN,F,HIBBING PUB UTIL COMM
17617866AL,F,GENEVA CTY GAS DIST
17617867IN,F,GRANDVIEW MUN GAS UTIL
17617868SC,F,FORT HILL NAT GAS AUTH
17617870MD,F,UGI CENTRAL PENN GAS INC
17617871KS,F,LA CYGNE GAS COMPANY
17617874SC,N,LANCASTER CTY NAT GAS AUTHORITY
17617876WI,N,NAT GAS INC
17617878MO,F,MONROE CITY GAS DEPT
17617879IL,F,MARSHALL CITY OF
17617880TX,F,FALFURRIAS UTIL CITY OF
17617881MO,F,PARIS CITY OF
17617884FL,F,ST JOE NAT GAS CO
17617891ME,F,NORTHERN UTILITIES INC
17617893LA,F,STINGRAY PIPELINE CO LLC
17617895TX,N,STINGRAY PIPELINE CO LLC
17617896TX,N,PELICAN GAS GATHERING SYS
17617897LA,N,TARGA MIDSTREAM SERVICES LLC
17617907TN,F,LEX GAS SYSTEM
17617908MN,F,WARREN CITY OF
17617909MS,F,PICAYUNE CITY OF
17617924TN,F,SOUTHERN NATURAL GAS COMPANY
17617926MD,F,EASTERN SHORE NATURAL GAS CO
17618032IN,F,OSGOOD MUN SYS
17618038IN,N,SNOW OGDEN GAS INC
17618050IN,F,CHRISNEY MUNICIPAL GAS DEPT
17618051IL,F,EGYPTIAN GAS STORAGE
17618052IN,F,FOUNTAINTOWN GAS CO
17618054IN,N,PEOPLES GAS POWER CO
17618055IN,F,SOUTH EASTERN INDIANA NAT GAS
17618074TX,F,COPANO P L UPPER GULF COAST
17618180TN,F,JAMESTOWN GAS SYSTEM
17618270MN,F,COMMUNITY UTIL CO
17618300IN,F,OHIO VALLEY GAS INC
17618610VT,F,VERMONT GAS SYSTEMS INC
17618615GA,F,STATESBORO CITY OF
17618616AL,F,BRIDGEPORT UTIL BD
17618617AL,F,CALERA CITY OF
17618618AL,F,CAMP HILL TOWN OF
17618619GA,F,SYLVANIA CITY OF
17618620IA,F,TIPTON CITY OF
17618624MO,F,FULTON CITY OF
17618625MO,F,MONTGOMERY CITY GAS CO
17618803OK,N,NORTHERN NAT GAS
17619000AL,F,SCOTTSBORO WTR SEWER AND GAS BOARD
17619001AL,N,ALAGASCO
17619002AR,F,HARRISBURG WTR GAS DIV
17619003FL,F,GULF BREEZE CITY OF
17619004IN,F,RENSSELAER GAS UTIL DEPT
17619011IA,F,EMMETSBURG MUNICIPAL UTILITIES
17619015ND,F,NORTHERN STATES PWR CO
17619018CT,F,CONNECTICUT NAT GAS CORP
17619019IN,F,POSEYVILLE MUN GAS CO
17619023VA,F,ATMOS ENERGY CORPORATION
17619024IN,F,CITIZENS GAS OF WESTFIELD
17619032OH,F,DOMINION TRANSMISSION INCORPORATED
17619034IA,F,PRESCOTT MUN NAT GAS CO
17619046IA,F,CLEARFIELD NAT GAS CO
17619047IA,F,LINEVILLE MUN NAT GAS SYSTEM
17619048IA,F,PRESTON CITY OF
17619049IA,F,ROLFE MUNICIPAL GAS
17619051IA,F,NORTHERN BORDER P L CO
17619201KS,F,SHAWMAR OIL GAS CO INC
17619600AL,F,BREWTON CITY OF
17619633IN,F,TEXAS EASTERN TRANSMISSION LP
17619641TX,N,KN ENERGY INC
17619668TX,N,TXU FUEL CO
17619671TX,F,HEMPSTEAD CITY OF
17619672IL,F,MILFORD VILLAGE OF
17619673IL,F,MARTINSVILLE CITY OF
17619674KS,N,MIDWEST ENERGY INC
17619676TX,F,SEALY CITY OF
17619678MS,N,BUFFALO GAS COMPANY
17619679TX,F,MARIETTA CITY OF
17619680LA,F,GAS DIST 1 OF EFP
17619681MS,F,RALEIGH TOWN OF
17619683LA,F,FRANKLINTON TOWN OF
17619684TX,F,DENVER CITY GAS SYSTEM
17619686IA,F,WELLMAN GAS SYSTEM
17619687MS,F,ATMOS ENERGY CORPORATION
17619688NM,F,CORONA VILLAGE OF
17619689TX,F,CITY OF ALPINE GAS DEPT
17619690LA,N,HARRISONBURG VILLAGE OF
17619691WI,F,MIDWEST NATURAL GAS INC
17619692NE,F,LYONS CITY OF
17619693IA,F,BROOKLYN MUNICIPAL UTILITIES
17619695IL,F,BUSHNELL CITY OF
17619697IA,F,GILMORE CITY
17619698MS,F,WEIR NAT  GAS SYS
17619699IL,F,BELLE RIVE GAS SYSTEM
17619701LA,N,STARKS WATER AND GAS
17619702MS,F,WALNUT GROVE TOWN OF
17619703LA,F,WASHINGTON TOWN OF
17619704TX,F,ROMA CITY OF
17619707LA,F,POINTE COUPEE PARISH PUBLIC UTIL
17619708LA,F,HORNBECK TOWN OF
17619709LA,F,HOUMA MUNICIPAL GAS SYSTEM
17619710MN,N,WESTERN GAS UTIL INC
17619714TX,F,IRAAN CITY OF
17619715TX,F,BRENHAM CITY OF
17619716CO,N,COM FUR T GAS INC
17619717TX,F,UVALDE GAS SYSTEM
17619721LA,F,EUNICE GAS DEPT
17619722NM,F,EASTERN NEW MEXICO NAT GAS
17619725IA,F,MONTEZUMA NATURAL GAS DEPT
17619726IA,F,BRIGHTON MUN GAS SYS
17619727LA,F,OBERLIN TOWN OF
17619728MS,F,CITY OF MOSS POINT
17619730IL,F,KARNAK VILLAGE OF
17619731TX,F,BLUE DOLPHIN PIPE LINE COMPANY
17619734TX,F,GARRISON CITY OF
17619740LA,N,SIMMON GAS CO
17619741IA,F,WAYLAND MUN GAS SYS
17619742NM,N,CAPITAN CARRIZOZO NAT GAS
17619745WY,N,MGTC INC
17619747LA,F,KINDER TOWN OF
17619749MN,F,GREAT PLAINS NATURAL GAS CO
17619803OK,F,CORN TOWN OF
17619805KS,N,PAWNEE ROCK CITY OF
17619807IN,F,SWITZERLAND COUNTY NATURAL GAS CO
17619808KS,F,LEBO CITY OF
17619811AL,,CENTRAL GAS CO
17619814OK,F,KAW CITY CITY OF
17619815TN,F,UNICOI COUNTY UTILITY DISTRICT
17619816OK,F,CHOUTEAU PUBLIC WORKS AUTHORITY
17619818CO,F,IGNACIO TOWN OF
17619820OH,F,SUBURBAN NATURAL GAS COMPANY
17619821KS,F,HOWARD CITY OF
17619823IL,F,BLUFORD GAS CO
17619824TN,F,COLLINWOOD CITY OF
17619825AL,F,VINA TOWN OF NATURAL GAS
17619833UT,N,NAVAJO TRIBAL UTIL AUTH
17619834AZ,F,NAVAJO TRIBAL UTILITY AUTHORITY
17619845OH,N,WEST MILLGROVE GAS CO
17619846OK,F,CASHION PUB WKS AUTH
17619847MS,N,WALTHALL NATURAL GAS CO  INC
17619858KY,F,DELTA NATURAL GAS COMPANY
17619859TX,F,SUNDOWN CITY OF
17619860OK,F,GEARY UTILITY AUTHORITY
17619863AK,F,CONOCOPHILLIPS ALASKA NAT GAS CORP
17619865CT,F,SOUTHERN CONNECTICUT GAS COMPANY
17619866KS,F,CHENEY CITY OF
17619870LA,N,LOUISIANA INTRASTATE GAS
17619874LA,F,AMERICAN MIDSTREAM MIDLA LLC
17619886LA,F,SEA ROBIN PIPELINE COMPANY
17619887ME,F,GRANITE STATE GAS TRANSMISSION
17619889IL,F,TAMMS GAS COMPANY
17619891IL,F,THEBES VILLAGE OF
17619892IN,F,BAINBRIDGE MUNICIPAL GAS UTILITY
17619893KS,F,WALTON CITY OF
17619895KY,F,HARDIN GAS CO
17619896MD,F,EASTON UTILITIES COMMISSION
17619897LA,F,ESTHERWOOD VILLAGE OF
17619898MS,F,TISHOMINGO CITY OF
17619899KY,F,KUTTAWA CITY OF
17619900GA,F,ADEL CITY OF
17619901GA,F,CUTHBERT NATURAL GAS SYSTEM CITY OF
17619903GA,F,NASHVILLE CITY OF
17619904IL,F,DAHLGREN GAS SYSTEM
17619906MO,F,POTOSI CITY OF
17619907IL,F,AUBURN CITY OF
17619908MD,A,CHESAPEAKE UTILITIES CORPORATION
17619909ND,F,GREAT PLAINS NATURAL GAS CO
17619912IN,N,NAPOLEON TOWN OF
17619913IN,F,COMMUNITY NATURAL GAS CO INC
17619914TX,F,NEW SUMMERFIELD CITY OF
17620002KS,N,AGENDA  CITY OF
17620004KS,F,GARDEN PLAIN MUN GAS CO
17620005KS,F,ISABEL CITY OF
17620007KS,,KANSAS PUB SVC
17620008KS,F,AMERICAN ENERGIES GAS SERVICES LLC
17620010KS,N,AURORA CITY OF
17620024KS,F,ESKRIDGE GAS SYSTEM
17620030KS,N,HAZELTON GAS SYS
17620036KS,F,JAMESTOWN MUN GAS SYS
17620050KS,N,KANSAS GAS SPLY CORP
17620067KS,N,HAINES PIPELINE SERVICE INC
17620079KS,F,WETMORE CITY OF
17620082KS,F,HARVEYVILLE CITY OF
17620088KS,F,ATTICA CITY OF
17620089KS,F,AUBURN CITY OF
17620092KS,F,LITTLE RIVER CITY OF
17620095KS,N,MILFORD CITY OF
17620097KS,N,WINDOM CITY OF
17620099KS,,SEWARD CTY P L
17620212AZ,N,CITIZENS COMMUNICATIONS ARIZONA GAS
17620214MS,N,HATTIESBURG GAS STORAGE CO
17620224LA,N,PANENERGY LOUISIANA INTRASTATE LLC
17620234OK,F,GROVE MUN SERVICES AUTHORITY
17620236OK,F,FAIRLAND GAS AUTH
17620238OK,F,AFTON PUBLIC WORKS AUTHORITY
17620301KS,F,MULBERRY MUNICIPAL NATURAL GAS SYS
17620317CT,F,IROQUOIS GAS TRANSMISSION SYS LP
17620319NY,F,IROQUOIS GAS TRANSMISSION SYS LP
17620324MO,N,TRUSSVILLE CITY OF
17620350TX,N,GPM GAS CORP
17620382AR,,USAGAS P L INC
17620384LA,,SEAGULL FIELD SVCS CO
17620386TX,,USAGAS P L INC
17620427TX,F,PANTHER PIPELINE LLC
17620510CA,F,KERN RIVER GAS TRANSMISSION CO
17620515WY,F,OVERLAND TRAIL TRANSMISSION LLC
17620527TX,F,ONEOK TRANSMISSION CO
17620529KS,F,LUMEN MIDSTREAM PARTNERSHIP LLC
17620530NV,F,KERN RIVER GAS TRANSMISSION CO
17620550UT,F,KERN RIVER GAS TRANSMISSION CO
17620570WY,F,KERN RIVER GAS TRANSMISSION CO
17620625CA,N,AVISTA CORP
17620901LA,N,LOUISIANA GAS P L CO LP
17620903AL,,MOBILE BAY P L CO
17621001KY,F,CITY OF COLUMBIA GAS DEPARTMENT
17621014KY,F,EDMONTON CITY OF
17621016KY,F,RICHARDSVILLE GAS CO INC
17621018KY,F,ARLINGTON CITY OF
17621024KY,F,KEVIL CITY OF
17621038KY,N,MIKE LITTLE GAS CO
17621067KY,N,BELFRY GAS INC
17621069KY,F,BROOKSVILLE CITY OF
17621079KY,F,LINDSEY AND ELLIOTT
17621084KY,N,MOUNTAIN UTIL INC
17621085KY,F,ORBIT GAS TRANSMISSION INC
17621087KY,F,PUBLIC GAS CO
17621093KY,F,WESTERN LEWIS RECTORVILLE GAS DIST
17621601KY,N,EAST KENTUCKY UTILITIES
17621803AL,N,BERRY GAS BOARD
17621805GA,F,CLAXTON  CITY OF
17621806GA,F,VIENNA CITY OF
17621807GA,F,SHELLMAN CITY OF
17621808GA,F,DOERUN CITY OF
17621809IA,F,BLACK HILLS ENERGY
17621810GA,F,UNADILLA  CITY OF
17621812TN,N,MONTEAGLE TOWN OF
17621814AL,N,PHILLLIPS PETROLEUM CO
17621817OK,F,ONEOK WESTERN TRAILS PIPELINE LLC
17621818OK,N,JENNINGS HALLETT GAS AUTH CO
17621825NY,F,NATIONAL FUEL GAS SUPPLY CORPORATION
17621900KS,N,ALTA VISTA GAS CO
17621901TX,F,GARY NATURAL GAS SYSTEM
17621916KY,F,FLEMINGSBURG CITY OF
17621918KY,F,WEST LIBERTY GAS SYSTEM
17621922KS,F,SAWYER CITY OF
17621923MS,F,SENATOBIA CITY OF
17621927AL,F,SUMITON TOWN OF
17621928GA,F,BLAKELY CITY OF
17621930TX,F,KINDER MORGAN TEXAS PIPELINE LLC
17621931CA,F,SOUTHERN CALIFORNIA GAS COMPANY
17621932CT,F,TENNESSEE GAS PIPELINE COMPANY
17622005LA,F,SABINE PIPE LINE LLC
17622009LA,N,DIAMOND UTIL CO
17622015LA,F,GAS UTIL DISTRICT 2
17622017LA,N,PANACO INC
17622019LA,N,ENERVEST MONROE PIPELINE LTD
17622023LA,F,LIVONIA GAS AND WATER
17622029LA,F,KENTWOOD TOWN OF
17622030LA,F,VARIBUS LLC
17622033LA,N,TRANS LOUISIANA INDUSTRIAL GAS
17622047LA,F,AMERICAN MIDSTREAM LA INTRASTATE LLC
17622055LA,N,RIVERSIDE PIPELINE CO
17622057LA,N,LAKE ST JOHN GAS CO
17622060LA,F,ST JOSEPH MUN NAT GAS
17622069LA,F,WHITE CASTLE MUN GAS
17622071LA,F,DEQUINCY GAS CO
17622075LA,F,GAS UTIL DIST I OF VERNON PARISH
17622083LA,F,TRUNKLINE LNG COMPANY
17622086LA,N,POLARIS CORP
17622107LA,,ST JOHN THE BAPTIST PARISH
17622117LA,,PINE P L INC
17622128LA,F,EVANGELINE GAS CO INC
17622133LA,F,GAS UTILITIES DIST 1 WASH PARISH
17622135LA,F,JENNINGS GAS INC
17622137LA,F,PLAQUEMINE CITY OF
17622141LA,F,WEST BATON ROUGE PARISH NAT GAS
17622143TX,F,D & H GAS CO
17622148LA,N,MISSISSIPPI GAS CORP
17622149MS,F,MISSISSIPPI RIVER GAS MANAGEMENT LLC
17622151LA,F,WOODWORTH TOWN OF
17622155LA,N,TEJAS GAS OP LLC ATTN LEGALREG
17622202LA,N,RICHIE GAS SYSTEM
17622701TX,F,APPLEBY NATURAL GAS
17622713TX,F,HOUSTON PL CO LP
17622723MS,F,PONTOTOC CITY OF
17622734UT,F,NORTHWEST PIPELINE GP
17622735CO,F,NORTHWEST PIPELINE GP
17622739MN,F,CENTERPOINT ENERGY
17622744WY,F,SOUTHERN STAR CENTRAL GAS PIPELINE
17622749KS,F,ROZEL MUN GAS
17622751AK,F,CONOCOPHILLIPS ALASKA  INC
17622763KY,F,GRAYSON UTILITY COMMISSION
17622772CA,F,STANDARD PACIFIC GAS LINE INC
17622778AL,F,YORK CITY OF
17622781PA,N,PENN JERSEY PIPELINE COMPANY
17622785WV,N,TOWN GAS INC
17622799NJ,N,PENN JERSEY PIPELINE COMPANY
17622900TX,N,WEST TEXAS GAS INCORPORATED
17622913CO,F,SOUTHERN STAR CENTRAL GAS PIPELINE
17622914CO,F,DCP MIDSTREAM LP
17622915CO,F,ROCKY MOUNTAIN NATURAL GAS LLC
17624003DE,F,CHESAPEAKE UTILITIES CORPORATION
17624004DE,F,COLUMBIA GAS TRANSMISSION CORP
17624012MD,F,DOMINION TRANSMISSION INCORPORATED
17625015MA,F,BLACKSTONE GAS CO
17626011MI,N,PENINSULAR GAS DBA SEMCO ENERGY GAS
17627001MT,F,MONTANA DAKOTA UTILITIES CO
17627002ND,F,MONTANA DAKOTA UTILITIES CO
17627003SD,F,MONTANA DAKOTA UTILITIES CO
17627004WY,F,MONTANA DAKOTA UTILITIES CO
17627016MN,F,NORTHERN BORDER P L CO
17627801MN,F,CENTRA PIPELINES MINNESOTA INC
17628001MS,F,LAUREL FUEL COMPANY
17628002MS,F,METCALFE NAT GAS SYS
17628005MS,F,ITWAMBA INDUSTRIAL GAS INC
17628025MS,F,NEW ALBANY MUN GAS SYSTEM
17628037MS,N,ARTESIA MUN GAS
17628038MS,F,UTICA TOWN OF
17628047MS,N,GEO RES CO INC GEOPETRO ENERGY
17628050MS,F,LOCUST RIDGE GAS COMPANY
17628051MS,N,EUD GAS SYSTEM
17629014MO,F,MADISON CITY OF
17629016MO,F,ALBANY MUN GAS SYS
17629027MO,F,PERRY MUNICIPAL GAS SYSTEM
17629036MO,F,UNIONVILLE MUNICIPAL NATURAL GAS SYS
17629046MO,F,PRINCETON MUNICIPAL NATURAL GAS SYS
17629047MO,F,SHELBINA CITY OF
17629300MO,F,FROHNA CITY OF
17629301MO,F,BISMARCK CITY OF
17629303MO,F,HERMANN MUN GAS SYSTEM
17629304MO,F,BERGER NATURAL GAS
17629305MO,F,MIDDLETOWN MUN GAS SYSTEM
17629306MO,F,NEW FLORENCE MUNICIPAL GAS
17629307MO,F,NEW HAVEN CITY NATURAL GAS SYSTEM
17629309MO,F,MERCER MUNICIPAL NATURAL GAS SYSTEM
17629310MO,F,GREEN CITY MUNICIPAL NATURAL GAS SYS
17629311MO,F,LIBERAL MUNICIPAL NATURAL GAS SYSTEM
17629312MO,F,MILAN MUNICIPAL NATURAL GAS SYSTEM
17629316MO,,GREELEY GAS CO
17630002UT,N,COASTAL FIELD SERVICES
17630010MT,F,NORTHERN BORDER P L CO
17630115MT,N,SUNBURST TOWN OF
17630119AR,F,CENTERPOINT ENERGY ARKLA
17630123LA,F,CENTERPOINT ENERGY ARKLA
17630125OK,F,CENTERPOINT ENERGY ARKLA
17630127TX,F,CENTERPOINT ENERGY ARKLA
17630129AR,F,ENABLE GAS TRANSMISSION LLC
17630131KS,F,ENABLE GAS TRANSMISSION LLC
17630133LA,F,ENABLE GAS TRANSMISSION LLC
17630135OK,F,ENABLE GAS TRANSMISSION LLC
17630137TX,F,ENABLE GAS TRANSMISSION LLC
17630140MO,F,ENABLE GAS TRANSMISSION LLC
17630411CA,F,MOJAVE PIPELINE CO LLC
17630413AZ,F,MOJAVE PIPELINE COMPANY LLC
17630427AR,,NOARK P L SYS L P
17630506UT,F,COLORADO INTERSTATE GAS COMPANY LLC
17630603AR,N,INTERNATIONAL PAPER CO
17630605LA,N,INTERNATIONAL PAPER COMPANY
17630607MS,N,INTERNATIONAL PAPER COMPANY
17630625TX,F,ONEOK TEXAS GAS STGE LP
17630714KY,N,UCG STORAGE INC
17631003NE,F,TRAILBLAZER PIPELINE COMPANY
17631004NE,F,BLACK HILLS ENERGY
17631210AL,F,SOUTHCROSS ALABAMA PIPELINE LLC
17634008NJ,F,COLUMBIA GAS TRANSMISSION CORP
17635010NM,F,LAS VEGAS NAT GAS DEPT CITY OF
17635011NM,F,LOS ALAMOS CITY OF
17635013NM,,MAXWELL GAS CO
17635017NM,F,WEST TEXAS GAS INC
17635019NM,F,ZIA NATURAL GAS
17635022NM,N,SPRINGER DBA ZIA TOWN OF
17635026NM,F,WAGON MOUND GAS SYS
17635028NM,N,HATCH VILLAGE OF
17638004ND,F,DAKOTA GASIFICATION CO
17638008ND,F,NORTHERN BORDER P L CO
17639005OH,F,OHIO VALLEY GAS CORP
17639015OH,F,GLENWOOD ENERGY OF OXFORD INC
17639018OH,F,NGO DEVELOPMENT CORPORATION
17639033OH,F,FORAKER GAS CO  INC
17639035OH,F,NORTHERN IND ENERGY DEV
17639037OH,F,THE SWICKARD GAS CO
17640016OK,N,DEISENROTH GAS PRODUCTS INC
17640019OK,N,ECKERT GAS
17640022OK,,ZCA GAS GATHERING CO INC
17640030OK,F,WEST TEXAS GAS INC
17640045OK,N,DUSTIN PUB GAS AUTHORITY
17640049OK,F,HULBERT PUB WKS AUTH
17640053OK,N,VELMA PUBLIC WORKS AUTH
17640063OK,F,SPERRY UTILITY SERVICES AUTH
17640065OK,N,ENOGEX INC
17640067OK,F,CHELSEA GAS AUTHORITY
17640069OK,F,MINCO GAS AUTH
17640070OK,F,NORTHEAST OK PUB FACILITIES AUTH
17640072OK,F,BURBANK PUBLIC WORKS
17640074OK,F,AVANT UTILITIES AUTH
17640076OK,N,CANADIAN NAT GAS INC
17640078OK,F,EAST CENTRAL OKLAHOMA GAS AUTH
17640083OK,N,RURAL GAS DIST 1
17640086OK,F,TUTTLE PUBLIC WORKS AUTHORITY
17640087OK,F,VICI PUB WORK AUTH
17640089OK,N,FELT WATER DEVELOPMENT CO
17640104OK,F,RED BIRD TOWN OF
17640117OK,N,LEANN GAS COMPANY
17640311OK,N,OZARK GAS TRANSMISSION LLC
17640324WV,N,MOUNTAINEER GAS SVC INC
17640412TX,N,LG   E NAT PLAINS ENERGY SVC
17640414AR,N,ARKANSAS WESTERN P L  CO
17640416CO,N,KN WATTENBERG TRANSMISSION COMPANY
17640418MO,N,MISSOURI GAS ENERGY
17640422TX,N,TEJAS GAS PL CO
17640509CA,N,TRANSWESTERN PIPELINE CO
17640516UT,N,MERIT ENERGY COMPANY
17640518WY,N,MERIT ENERGY COMPANY
17640703DE,F,TEXAS EASTERN TRANSMISSION LP
17640801LA,,LOUISIANA NEVADA TRANSIT CO
17640804TX,N,PACIFICORP POWER MARKETING INC
17640806MI,F,BLUE LAKE GAS STORAGE COMPANY
17640808MS,N,PETAL GAS STORAGE LLC
17640863KS,,PEOPLES NAT GAS CO
17641129KS,F,ATMOS ENERGY CORPORATION
17642001PA,N,PINE ROE NAT GAS CO
17642022PA,N,KAYLOR GAS DISTRIBUTION
17642045PA,N,LARKIN OIL AND GAS CO
17642069PA,N,SHADYSIDE GAS
17642071PA,N,MYERS GAS CO
17642601PA,F,CHARTIERS NATURAL GAS CO INC
17642602PA,F,EQUITRANS L P
17645021SC,F,BAMBERG BD OF PUB WORKS
17646002SD,F,NORTHERN BORDER P L CO
17646003SD,N,MERC SD
17647037TN,F,HUMPHREYS COUNTY UTILITIES DIST
17647043TN,F,MUNFORD CITY OF
17647045TN,F,FIRST UTILITY DISTRICT TIPTON
17647047TN,F,MASON NATURAL GAS
17647093TN,F,ADAMSVILLE CITY OF
17647094TN,F,FRIENDSHIP GAS DEPT
17647095TN,F,MAURY CITY GAS DEPT
17647096TN,F,HARDEMAN FAYETTE UTIL DIST
17647102TN,F,HORTON HWY UTIL DIST
17647104TN,F,RIDGETOP NATURAL GAS
17647880TN,N,TRUSSVILLE CITY OF
17648004TX,N,RELIANT ENERGY ENTEX
17648009TX,,RED RIVER P L CO
17648016TX,,BRADY CITY OF
17648017TX,N,FERGUSON BURLESON CTY GAS
17648025TX,,CHANNEL INDUSTRIES GAS CO
17648035TX,F,PAISANO TRANSMISSION COMPANY
17648037TX,F,PELICAN RESERVE PIPELINE CO
17648039TX,F,CUSHING CITY OF
17648043TX,F,DILLEY CITY OF
17648044TX,N,DAL MAR ENERGY INC
17648056TX,N,GEORGE WEST CITY OF
17648061TX,N,GULF COAST GAS CORP
17648073TX,F,MARKHAM GAS CORP
17648082TX,F,ENTERPRISE INTRASTATE LLC
17648084TX,N,SOUTHERN GAS PL CO
17648088TX,F,PERRYTON CITY OF
17648098TX,F,SABINAL CITY OF
17648103TX,N,SOUTH BEND GAS COOP
17648119TX,F,THREE RIVERS CITY OF
17648125TX,F,ONEOK WES TEX TRANSMISSION  LLC
17648135TX,F,BOERNE UTIL CITY OF
17648137TX,F,COTULLA CITY OF
17648138TX,F,DAISETTA CITY OF
17648145TX,F,FORT STOCKTON CITY OF
17648147TX,F,LEFORS TOWN OF
17648150TX,F,MITCHELL COUNTY UTILITY CO
17648151TX,F,NAVASOTA CITY OF
17648153TX,F,AMERICAN MIDSTREAM SEACREST LP
17648154TX,F,STERLING NATURAL GAS INC
17648159TX,F,CITY OF SPUR
17648160TX,N,WEST TEXAS NATURAL GAS CO
17648162TX,F,TEXAS WESTERN MUN GAS
17648163TX,F,WALLER CITY OF
17648175TX,,WEST TEXAS GAS INC
17648182TX,F,ENSTOR KATY STORAGE & TRANS LP
17648183MS,N,WARRIOR GAS CO
17648191LA,N,CONCORDE GAS INTRASTATE INC
17648192TX,F,LAVACA PIPELINE COMPANY
17648195TX,F,JOAQUIN MUN GAS CO
17648201TX,N,TEXANA PIPELINE CO JV
17648202TX,F,TOMBALL CITY OF
17648206TX,F,BRACKETVILLE MUN GAS
17648207TX,F,CHESTER GAS SYS
17648210TX,F,HUXLEY CITY OF
17648212TX,N,RISING STAR MUN GAS
17648306TX,N,PIONEER NATURAL RESOURCES
17648307TX,N,UNIT GAS TRANS CO
17648321TX,N,TRANS TEXAS GAS CORP
17648329TX,F,BALCONES STARR P L
17648341TX,F,BOOKER CITY OF
17648349TX,F,BROWN IND GAS INC
17648369TX,N,CHINA NOME GAS CO
17648453TX,F,GRUVER CITY OF
17648507TX,N,MORSE UTIL INC
17648533TX,F,PLAINS GAS FARMERS COOP
17648549TX,N,SARGENT GAS GATHERING SYS
17648589TX,N,TRANS PECOS GAS CO
17648608TX,,ROCKLAND P L CO
17648650TX,F,WESTERN GAS INTERSTATE COMPANY
17648803TX,F,WILLIAMS FIELD SERVICE
17648815TX,F,SABINE PIPE LINE LLC
17648829TX,N,ENERGY TRANSFER GATHERING CO
17648902TX,F,OMIMEX PETROLEUM INC
17648913TX,,CXY MARKETING INC
17648922TX,N,GENERAL ENTERPRISE INC
17648925TX,F,HENDERSON P L CO
17648933TX,N,LONGHORN P L CO
17648940TX,,MOBIL VANDERBILT BEAU P L CO
17648943TX,N,N BAILEY GAS FARMERS COOP
17648946TX,,PECOS P L SYS
17648960TX,,T GAS P L CO
17648970TX,N,LOS YBANEZ CITY OF
17648971TX,N,TRUSSVILLE CITY OF
17648972TX,F,BRAZOS FUEL CO
17649002WY,N,WYOMING INDUSTRIAL GAS CO
17649005UT,N,UTAH GAS SVC CO
17649009UT,N,PATARA OIL AND GAS LLC
17649112LA,F,CYPRESS GAS P L CO
17649147MS,N,DUKE ENERGY FIELD SERVICES LP
17650201TX,F,WARRIOR GAS CO
17650212PA,N,PENN FUEL GAS INC
17650217MD,F,CHESAPEAKE UTILITIES CORPORATION
17650224KS,F,ANADARKO GATHERING CO
17650311AR,,OZARK GAS TRANS SYS
17650317LA,N,TRUSSVILLE CITY OF
17650340CO,F,KINDER MORGAN INTERSTATE GAS TRANS
17650342KS,F,KINDER MORGAN INTERSTATE GAS TRANS
17650344NE,F,KINDER MORGAN INTERSTATE GAS TRANS
17650346OK,N,KINDER MORGAN INT GAS TRANS
17650348TX,N,KINDER MORGAN INT GAS TRANS
17650350WY,F,KINDER MORGAN INTERSTATE GAS TRANS
17650412TX,N,FAYETTE COUNTY GATHERING SYS
17650414TX,,BROOKS HIDALGO P L SYS
17650509TX,,VASTAR RESOURCES INC
17650521KS,N,BP AMERICA PRODUCTION CO
17650727DE,N,DELMARVA POWER LIGHT COMPANY
17650729MD,F,DOMINION COVE POINT LNG LP
17650731VA,F,DOMINION COVE POINT LNG LP
17650733TX,F,ENABLE OKLAHOMA INTRASTATE TRANS LLC
17650803VT,N,GRANITE STATE GAS TRANSMISSION
17650807LA,N,BRIDGELINE STORAGE CO LLC
17650810KY,,EASTERN STATES OIL & GAS INC
17650812WV,,EASTERN STATES OIL & GAS INC
17650822NY,F,NORTH COUNTRY PIPELINE
17650823NY,F,EMPIRE PIPELINE INC
17650825IN,N,MIDWEST GAS STORAGE INC
17650826ND,F,PORTAL MUN GAS
17650918IA,F,MIDAMERICAN ENERGY COMPANY
17650920NE,F,MIDAMERICAN ENERGY COMPANY
17650922IL,F,MIDAMERICAN ENERGY COMPANY
17650924SD,F,MIDAMERICAN ENERGY COMPANY
17651010VA,F,VIRGINIA NAT GAS INC
17652135TX,F,RANGER GAS GATHERING LLC
17654001WV,N,ASHFORD GAS CO
17654002WV,N,RALPH KIRTLEY GAS CO
17654003WV,F,HOPE GAS INC
17654009WV,N,WAGNER GAS CO
17654014WV,F,FIRST ECA MIDSTREAM LLC
17654051WV,F,AJAX P L CO
17654053WV,F,BIG TWO MILE GAS COMPANY
17654806WV,F,COLUMBIA GAS TRANSMISSION CORP
17654808WV,F,EQUITRANS L P
17655017WI,F,ST CROIX VALLEY NAT GAS INC
17656003WY,F,OVERTHRUST P L CO
17656007WY,F,TRAILBLAZER PIPELINE COMPANY
17656014WY,F,TRUE OIL LLC
17656020WY,F,MIGC INC
17656301TX,N,EPGT TEXAS PIPELINE LP
17656306TX,N,CORPUS CHRISTI IND P L CO
17660209TX,F,PHILLIPS UTIL GAS CORP
17660313CA,N,WESTERN RGY LLC
17660613TX,N,HNG STORAGE CO
17660617PA,N,BELDEN AND BLAKE CORP
17660619NY,N,BELDEN AND BLAKE CORP
17660624TX,N,CENTANA INTRASTATE
17660710TX,F,DOW CHEMICAL CO
17660913OK,F,SALT PLAINS STORAGE INC
17660927TX,F,UNDERGROUND SERVICES MARKHAM LLC
17670113MO,N,SOUTHERN MISSOURI GAS COMPANY  LP
17670312TX,N,NORTENO PIPELINE COMPANY
17670317OH,F,EAST OHIO GAS COMP DOMINION EAST OH
17670320LA,N,EL PASO CGP GAS TRANSMISSION CO
17670324MS,N,TRUSSVILLE CITY OF
17670326KY,N,TRUSSVILLE CITY OF
17670423CO,F,TRANSWESTERN PIPELINE COMPANY
17670715OK,N,CHAPARRAL ENERGY LLC
17670717OK,N,CENTRAL OKLAHOMA OIL  GAS CORP
17670719LA,F,EGAN HUB PARTNERS LP
17670721MI,F,LEE 8 STORAGE PARTNERSHIP
17670723TX,F,PB ENERGY STORAGE SERVICES INC
17670801NM,F,OKTEX PIPELINE COMPANY
17671010IN,F,MIDWEST NATURAL GAS
17671020TX,F,CENTERPOINT ENERGY INTRASTATE PL LLC
17671025LA,F,CENTERPOINT ENERGY INTRASTATE P LLC
17671030MS,N,CENTERPOINT ENERGY INTRASTATE PL
17671140IL,F,HORIZON PIPELINE
17671145TX,F,KINDER MORGAN NORTH TEXAS PL
17671150MN,F,EAGLE BENDCLARISSA GAS UTIL
17671151TX,F,KINDER MORGAN TEJAS PIPELINE LLC
17671152NC,F,EAST TENNESSEE NATURAL GAS LLC
17671153KS,N,SWKI-SEWARD W CENTRAL INC
17671154KS,F,SWKI-STEVENS SOUTHEAST INC
17671155AR,F,SOURCEGAS ARKANSAS
17671156KS,F,PLAINS PRODUCERS ASSOCIATION INC
17671157OH,F,NORTH COAST GAS TRANSMISSION
17671160LA,F,ENLINK LIG LLC
17671200TX,F,OKTEX PIPELINE COMPANY
17671201LA,F,DCP MIDSTREAM LP
17671250OK,F,ONEOK FIELD SERVICES
17671252OK,F,ONEOK GAS TRANSPORTATION
17671254VA,F,WASHINGTON GAS LIGHT COMPANY
17671300VA,F,SALTVILLE GAS STORAGE
17671305NM,F,DCP MIDSTREAM LP
17671350AL,F,BAY GAS STORAGE
17671351AL,F,CHANDELEUR PIPE LINE COMPANY
17671400MI,N,WPS - ESI GAS STORAGE LLC
17671401MI,F,BLUEWATER GAS STORAGE LLC
17671610TX,N,MULTIFUELS ENERGY ASSETS GROUP
17671611TX,F,ENERGY TRANSFER FUEL LP
17671660FL,F,SEBRING GAS SYSTEM INC
17671661PA,F,UGI CENTRAL PENN GAS INC
17671662TX,F,ATMOS ENERGY CORPORATION
17671663UT,N,WHITING OIL AND GAS CORP
17671664WY,N,WHITING OIL AND GAS CORP
17671665LA,F,ELIZABETH GAS SYSTEM TOWN OF
17671666CA,F,LODI GAS STORAGE LLC
17671667LA,F,ENLINK TUSCALOOSA LLC
17671710TX,F,ENBRIDGE PIPELINES NORTH TEXAS L P
17671711LA,F,TARGA MIDSTREAM SERVICES LLC
17671712GA,N,SCG P L
17671713SC,N,SCG P L
17671714TX,F,CAGO INC
17671760KS,F,CHEYENNE PLAINS GAS PL CO
17671761NM,F,ENSTOR GRAMA RIDGE STORAGE & TRANSP
17671810CA,F,SOUTHWEST GAS CORPORATION
17671860TN,N,ATHENS GAS DEPT CITY OF
17671861WV,N,BEECHY GAS CO
17671862IL,F,AMEREN ILLINOIS
17671910CT,F,TOTAL PEAKING SERVICES LLC
17671911LA,F,JEFFERSON ISLAND STORAGE & HUB LLC
17671960PA,N,UGI ENERGY SERVICES INC
17671961OH,F,NGO TRANSMISSION INC
17671962NY,F,CENTRAL NEW YORK OIL AND GAS CO
17672060LA,F,ATMOS ENERGY CORPORATION
17672110WV,N,MOUNTAINEER GAS CO
1767211OWV,N,MOUNTAINEER GAS CO
17672170AR,F,OZARK GAS TRANSMISSION LLC
17672171OK,F,OZARK GAS TRANSMISSION LLC
17672172NJ,N,PIVOTAL UTILITY DBA ELIZABETHTOWN
17672172PA,F,PIVOTAL UTILITY HOLDINGS INC DBA ELI
17672173NJ,F,PIVOTAL UTIL HOLDINGS INC DBA ELIZAB
17672173PA,N,PIVOTAL UTILITY DBA ELIZABETHTOWN
17672174OH,F,PIEDMONT GAS COMPANY
17672220TX,N,DCP MIDSTREAM
17672221MS,F,OAKLAND YALOBUSHA NATURAL GAS DIST
17672222CO,F,CHEYENNE PLAINS GAS PL CO LLC
1767227OH ,N,GASCO DISTRIBUTION SYSTEMS INC
17672320GA,F,TRI-COUNTY NATURAL GAS
17672321TX,F,TEXAS KANSAS OKLAHOMA GAS AKA TKO
17672370NY,F,N E A CROSS OF NEW YORK INC
17672371CA,F,PITTSBURG POWER CO DBA ISLAND ENERGY
17672372CA,F,ALPINE NATURAL GAS INC
17672373TX,F,GREENLIGHT GAS
17672375PA,F,SAR GAS
17672376NY,N,NORSE ENERGY CORP USA
17672377PA,N,NORSE ENERGY CORP USA
17672378NY,F,EMKEY GATHERING LLC
17672379PA,F,EMKEY GATHERING LLC
17672380PA,F,ORWELL/WALKER NATURAL GAS
17672381PA,N,CLARION RIVER GAS AKA CRG
17672382TX,F,GENESIS NATURAL GAS PIPELINE LP
17672420CO,N,BERRY PETROLEUM CO
17672421MO,F,EMPIRE DISTRICT GAS
17672620KY,N,B T U GAS CO INC
17672621KY,F,BLUEGRASS GAS SALES INC
17672622KY,F,BURKESVILLE GAS CO
17672623KY,F,CITIPOWER LLC
17672624PA,N,GASCO DISTRIBUTION SYSTEM INC
17672625KY,F,NAVITAS UTILITY CORP
17672626TN,F,NAVITAS UTILITY CORP
17672627OH,N,GASCO DISTRIBUTION SYSTEM INC
17672628KY,F,PARIS-HENRY COUNTY UTIL DISTRICT
17672629KY,F,JOHNSON COUNTY GAS CO INC
17672630KY,F,MILLENNIUM ENERGY INC
17672631KY,F,MAGNUM HUNTER PRODUCTION INC
17672632TN,F,MAGNUM HUNTER PRODUCTION INC
17672633VA,F,MAGNUM HUNTER PRODUCTION INC
17672680SC,F,CAROLINA GAS TRANSMISSION CORP
17672681TX,F,UNDERGOUND STORAGE LLC
17672682AL,F,WHEELER BASIN NATURAL GAS CO
17672683TX,F,WORSHAM-STEED GAS STORAGE LLC
17672684TX,F,HILL-LAKE GAS STORAGE LLC
17672730MO,F,OZARK GAS TRANSMISSION LLC
17672731TX,N,ENBRIDGE G AND P
17672780TX,F,DCP MIDSTREAM LP
17672830WV,F,HARDY STORAGE COMPANY LLC
17672831KY,N,CENTRAL KENTUCKY TRANSMISSION CO
17672930OK,F,BLUE FLAME GAS COMPANY
17672931LA,F,BRIDGELINE HOLDINGS LP
17672980MS,F,CALEDONIA ENERGY PARTNERS LLC
17673180TX,F,WEST TEXAS GAS INC
17673230MO,N,MISSOURI GAS UTILITY
17673240WV,F,MOUNTAINEER GAS CO
17673290LA,N,LIBERTY GAS STORAGE
17673291PA,F,KNOX ENERGY COOP ASSOCIATION INC
17673292OH,F,KNOX ENERGY COOPERATIVE ASSOCIATION
17673293IN,F,VALLEY RURAL UTILITY CO
17673340TN,F,VOLUNTEER ENERGY COOP
17673342UT,F,WYOMING INTERSTATE CO LLC
17673390LA,F,ARCADIA GAS STORAGE LLC
17673540TX,F,LOBO PIPELINE COMPANY
17673640CA,F,EL PASO NATURAL GAS CO LLC
17673690LA,N,CAMERON INTERSTATE PIPELINE
17673800CO,F,ROCKIES EXPRESS PIPELINE LLC
17673801WY,F,ROCKIES EXPRESS PIPELINE LLC
17673802KS,F,ROCKIES EXPRESS PIPELINE LLC
17673803NE,F,ROCKIES EXPRESS PIPELINE LLC
17673804MO,F,ROCKIES EXPRESS PIPELINE LLC
17673805VA,F,APPALACHIAN NATURAL GAS
17673850NM,F,NEW MEXICO GAS COMPANY
17673851NY,F,MILLENNIUM PIPELINE CO
17673852LA,F,CHENIERE CREOLE TRAIL PIPELINE
17673853LA,F,SABINE PASS LNG LP
17673854IL,F,KINDER MORGAN ILLINOIS PL LLC
17673855LA,F,PINE PRAIRIE ENERGY CENTER LLC
17673900LA,F,BOBCAT STORAGE-PORT BARRE SALT DOME
17673901IA,F,HARTLEY CITY OF
17673902IA,F,LAKE PARK
17673903IA,F,ORANGE CITY
17673904IA,F,ROCK RAPIDS
17673905MN,N,ANR PIPELINE COMPANY
17673906LA,F,AMERICAN MIDSTREAM ONSHORE PPL LLC
17673907LA,F,JPC ENERGY LLC
17673908LA,N,EXCELERATE ENERGY-GULF GATEWAY
17673909MA,F,EXCELERATE ENERGY
17673910TX,F,FREEPORT LNG DEVELOPMENT LP
17673911LA,F,SOUTHEAST SUPPLY HEADER
17673912MS,F,SOUTHEAST SUPPLY HEADER
17673913AL,F,SOUTHEAST SUPPLY HEADER
17673950MS,F,SG RESOURCES MISSISSIPPI LLC
17673951LA,F,MAGNOLIA NATURAL GAS LLC
17674050IL,F,MOGAS PIPELINE LLC
17674100PA,F,STECKMAN RIDGE LP
17674101MS,F,MONROE GAS STORAGE CO LLC
17674102OH,F,LAKE SHORE GAS STORAGE LLC
17674103LA,F,CAMERON LNG
17674150OK,F,MIDCONTINENT EXPRESS PIPELINE
17674151TX,F,MIDCONTINENT EXPRESS PIPELINE
17674152LA,F,MIDCONTINENT EXPRESS PIPELINE
17674153MS,F,MIDCONTINENT EXPRESS PIPELINE
17674154AL,F,MIDCONTINENT EXPRESS PIPELINE
17674155LA,F,KINDER MORGAN LOUISIANA
17674156IL,F,ROCKIES EXPRESS PIPELINE LLC
17674157IN,F,ROCKIES EXPRESS PIPELINE LLC
17674158OH,F,ROCKIES EXPRESS PIPELINE LLC
17674200AL,F,CLEAN ENERGY
17674201AZ,F,CLEAN ENERGY
17674202CA,F,CLEAN ENERGY
17674203CO,N,NATURAL FUELS CO LLC
17674204CO,N,NATURALPEOPLES LLC
17674205CO,N,NATURALTOTAL LLC
17674206GA,F,CLEAN ENERGY
17674207ID,F,CLEAN ENERGY
17674208NV,F,CLEAN ENERGY
17674209NY,F,CLEAN ENERGY
17674210TX,N,BLUE FUELS GROUP
17674211TX,N,TRANSTAR ENERGY CO LP
17674212WA,F,CLEAN ENERGY
17674213WY,N,NATURAL FUELS CO LLC
17674300TX,F,SOUTHCROSS ENERGY LLC
17674301TX,N,CROSSTEX ENERGY SERVICES LP
17674350OH,F,ORWELL TRUMBULL PL CO LLC
17674351OH,F,COBRA PL CO LTD
17674352MA,F,GRANITE STATE GAS TRANSMISSION
17674353LA,N,BOARDWALK LOUISIANA MIDSTREAM LLC
17674354PA,N,UGI CENTRAL PENN GAS INC
17674355UT,F,EAGLE MOUNTAIN CITY OF
17674356MT,F,ENERGY WEST WEST YELLOWSTONE
17674357CA,F,WEST COAST GAS CO INC
17674358CO,F,WHITE RIVER HUB
17674359AL,F,DCP MIDSTREAM LP
17674360AZ,F,NORTH BAJA PIPELINE COMPANY
17674361IL,F,JO-CARROLL ENERGY
17674362AK,F,NORGASCO INC
17674363WY,F,LOWER VALLEY ENERGY INC
17674364CA,F,VERNON CITY OF
17674365NY,F,CHAUTAUQUA UTILITIES INC
17674366CA,F,VICTORVILLE CITY OF
17674367PA,F,KEYSTONE COOPERATIVE ASSOCIATION INC
17674368OH,F,MADISON ENERGY COOPERATIVE ASSOC INC
17674369UT,F,NEPHI CITY OF
17674410TX,F,TARGA GAS PIPELINE LLC
17674411KS,F,TEXAS KANSAS OKLAHOMA GAS LLC
17674412KS,F,SWKI STEVENS NORTH
17674413IA,N,CONSUMERS ENERGY COOP
17674413LA,F,PONCHARTRAIN NAT GAS SYSTEM
17674414UT,F,MONA CITY
17674415CA,F,CITY OF SUSANVILLE
17674416KS,F,MORLAND CITY OF
17674417OK,F,HOOKER CITY OF
17674418KS,F,ONEOK FIELD SERVICES
17674419TX,F,ONALASKA WATER AND GAS SUPPLY CORP
17674420MN,F,ROUND LAKE CITY OF
17674421NY,F,ARLINGTON GAS STORAGE CO
17674422OK,F,ENBRIDGE PLS TEXAS GATHERING LP
17674423AR,N,ENBRIDGE GATHERING TEXARKANA
17674424TX,N,ENBRIDGE GATHERING TEXARKANA
17674425OK,F,GULF CROSSING PL LLC
17674426TX,F,GULF CROSSING PL LLC
17674427LA,F,GULF CROSSING PL LLC
17674428MN,F,HENNING CITY OF
17674429IA,F,MAPLETON CITY OF
17674460SD,F,SOUTH DAKOTA INTRASTATE PL CO
17674461OK,F,SLICK TOWN OF
17674462OK,F,CLEAN ENERGY
17674463NM,F,CLEAN ENERGY
17674464FL,F,CLEAN ENERGY
17674465MN,F,GOODHUE CITY OF
17674466MN,F,FAIRFAX CITY OF
17674467KS,N,SWKI - STEVENS EAST CENTRAL
17674468MO,F,ST ROBERT CITY
17674469MO,F,MARSHALL MUNICIPAL UTILITIES
17674470IA,F,ALTON MUNICIPAL UTILITIES
17674471TN,F,BEDFORD COUNTY UTILITY DISTRICT
17674472LA,F,MISSISSIPPI CANYON GAS PIPELINE LLC
17674473LA,F,NAUTILUS PIPELINE COMPANY LLC
17674474MS,F,KILMICHAEL NATURAL GAS
17674475MS,F,BELMONT NATURAL GAS TOWN OF
17674476LA,F,DISCOVERY GAS TRANSMISSION
17674477TX,N,EAGLE ROCK ENERGY
17674478KY,N,SENTRA CORPORATION
17674479TN,F,CLAY GAS UTILITY DISTRICT
17674480LA,N,EAGLE ROCK ENERGY
17674481KY,F,WHITE PLAINS NATURAL GAS
17674482KY,F,MARTIN GAS INC
17674483KY,F,GUTHRIE NATURAL GAS
17674484TN,F,CLIFTON GAS DEPT
17674485TN,F,ST JOSEPH CITY OF
17674560TX,F,THE NATURAL GAS COMPANY LLC
17674561TX,F,CONSUMERS GAS COMPANY INC
17674562TX,F,GAS ENERGY LLC
17674563TX,F,LDC LLC
17674564TX,F,MONUMENT PIPELINE LP
17674565TX,N,GATEWAY COMMERCE LLC
17674566TX,N,PVR MIDSTREAM
17674567TX,F,VINTON PIPELINE LLC
17674610MD,N,UGI CENTRAL PENN GAS INC
17674611MS,F,MISSISSIPPI HUB LLC
17674660TX,F,ENBRIDGE G&P EAST TEXAS LP
17674661TX,F,TRES PALACIOS GAS STORAGE LLC
17674760MI,F,WASHINGTON 10
17674860CA,F,GILL RANCH STORAGE LLC
17674861TX,F,GOLDEN TRIANGLE STORAGE INC
17674862GA,F,CALHOUN CITY OF
17674920MA,F,CLEAN ENERGY
17674921RI,F,CLEAN ENERGY
17674922AR,F,FAYETTEVILLE EXPRESS PIPELINE
17674923MS,F,FAYETTEVILLE EXPRESS PIPELINE
17674924TX,F,ETC TIGER PIPELINE LLC
17674925LA,F,ETC TIGER PIPELINE LLC
17674970FL,F,JACKSONVILLE BEACH CITY OF
17674971TX,F,ARROWHEAD GAS SERVICES LLC
17675020CO,F,MARKWEST PIONEER LLC
17675021MN,F,MINNESOTA POWER
17675022LA,F,BATON ROUGE RENEWABLE ENERGY LLC
17675070MS,F,LEAF RIVER ENERGY CENTER LLC
17675170NY,F,WYCKOFF GAS STORAGE COMPANY
17675220MA,F,NEPTUNE
17675270LA,F,GOLDEN PASS PIPELINE
17675271TX,F,GOLDEN PASS PIPELINE
17675272TX,F,GOLDEN PASS TERMINAL
17675480WY,F,RUBY PIPELINE LLC
17675481UT,F,RUBY PIPELINE LLC
17675482NV,F,RUBY PIPELINE LLC
17675483OR,F,RUBY PIPELINE LLC
17675484IL,F,CLEAN ENERGY
17675500LA,F,LIVINGSTON GAS & UTILITY CO
17675501ND,F,BISON PIPELINE LLC
17675501TX,N,BISON PIPELINE LLC
17675550OH,F,DESHLER MUNICIPAL UTILITIES
17675551KS,F,TEXAS KANSAS OKLAHOMA GAS LLC
17675552WY,F,BISON PIPELINE LLC
17675553MT,F,BISON PIPELINE LLC
17675554PA,N,SOMERSET GAS GATHERING PA
17675555GA,F,ELBA EXPRESS
17675556SC,F,ELBA EXPRESS
17675600MS,F,GULF LNG ENERGY
17675601MS,F,GULF LNG PIPELINE
17675602PA,F,UGI LNG INC
17675700TX,F,FORT CONCHO GAS STORAGE INC
17675701KY,N,COW CREEK GAS INC
17675702KY,F,KENTUCKY FRONTIER GAS LLC
17675800IL,F,LIBERTY ENERGY DBA LIBERTY UTILITIES
17675801IA,F,LIBERTY ENERGY DBA LIBERTY UTILITIES
17675802MO,F,LIBERTY ENERGY DBA LIBERTY UTILITIES
17675803NH,F,LIBERTY UTILITIES DBA ENERGY NORTH N
17675850PA,F,CENTRAL NEW YORK OIL AND GAS CO
17675950AL,F,PIVOTAL LNG INC
17675951TN,F,PIVOTAL LNG INC
17676010TX,N,TRANSCANADA OFFSHORE
17676011LA,F,TRANSCANADA OFFSHORE
17676012MN,F,MINNESOTA ENERGY RESOURCES
17676060TX,N,ATLAS PIPELINE
17676061CA,F,CENTRAL VALLEY GAS STORAGE
17676062MO,F,SUMMIT NATURAL GAS
17676063WY,F,RYCKMAN CREEK RESOURCES LLC
17676110LA,F,LIVINGSTON PARISH GUD 1
17676111TX,F,CLAYTON WILLIAMS PIPELINE CORP
17676112VA,F,CLEAN ENERGY
17676160PA,F,EMPIRE PIPELINE
17676161OH,N,HG ENERGY LLC
17676162FL,N,PIVOTAL LNG INC
17676163MS,N,PIVOTAL LNG INC
17676164TX,N,PIVOTAL LNG INC
17676165SC,N,PIVOTAL LNG INC
17676166PA,F,EQT GATHERING
17676210GA,F,LIBERTY ENERGY DBA LIBERTY UTILITES
17676260CO,F,EAST CHEYENNE GAS STORAGE LLC
17676360PA,F,UGI STORAGE COMPANY
17676361MD,F,SANDPIPER ENERGY
17676410KY,F,BIG SANDY PIPELINE
17676560WY,N,OVERLAND TRAIL TRANSMISSION LLC
17676570WV,F,FREEDOM PL CO LLC
17676571WV,F,LIBERTY PL CO INC
17676572KY,F,EQUITABLE GAS DBA PEOPLE NATURAL GAS
17676573WV,F,EQUITABLE GAS DBA PEOPLE NATURAL GAS
17676620ME,F,SUMMIT NATURAL GAS
17676621LA,F,PERRYVILLE GAS STORAGE LLC
17676622KS,F,SWKI-SPIKES NORTH INC
17676623LA,F,CADEVILLE GAS STORAGE LLC
17676670MN,F,MINNESOTA INTRASTATE PL CO
17676671PA,N,EQUITABLE GAS DBA PEOPLE NATURAL GAS
17676672KS,F,4 COUNTY ENERGY LLC
17676720CO,F,CLEAN ENERGY
17676721TX,F,CLEAN ENERGY
17676722MN,F,CLEAN ENERGY
17676723SC,F,CLEAN ENERGY
17676724MD,F,CLEAN ENERGY
17676725PA,F,CLEAN ENERGY
17676726OH,F,CLEAN ENERGY
17676727IN,F,WHITE RIVER LLC
17676770TX,F,SWG PIPELINE LLC
17676771TX,N,ENLINK MIDSTREAM SERVICES LLC
17676820CO,F,CCI PARADOX MIDSTREAM LLC
17676821NM,F,CCI PARADOX MIDSTREAM LLC
17676822UT,F,CCI PARADOX MIDSTREAM LLC
17677130AZ,F,SIERRITA GAS PIPELINE CO LLC
17677131TX,N,KINDER MORGAN KEYSTONE GAS STORAGE
17677150PA,N,THE ENERGY COOP
17677151MS,N,SOUTHEAST LLC
17677152IA,F,QCCP INDUSTRIAL PARK UTILITIES
17677153TX,F,ALAMO PIPELINE LLC
17677154TX,F,REGENCY DESOTO PIPELINE LLC
17677155GA,F,PIVOTAL LNG INC
17677200KS,F,CONCORDIA CITY OF
17677201CA,N,BLUE FUELS GROUP
17677202OH,N,BLUE FUELS GROUP
17677203NJ,F,CLEAN ENERGY
17677204CT,F,CLEAN ENERGY
17677205IN,F,CLEAN ENERGY
17677206OR,F,CLEAN ENERGY
17677207MO,F,CLEAN ENERGY
17677208TN,F,CLEAN ENERGY
17677209KY,F,CLEAN ENERGY
17677210NH,F,CLEAN ENERGY
17677211NC,F,CLEAN ENERGY
17677212LA,F,CLEAN ENERGY
17677213TX,F,BOARDWALK FIELD SERVICES LLC
17677214PA,F,BOARDWALK FIELD SERVICES LLC
17677215AZ,F,PROMETHEUS ENERGY
17677216CA,F,PROMETHEUS ENERGY
17677217CO,F,PROMETHEUS ENERGY
17677218ID,F,PROMETHEUS ENERGY
17677219MA,F,PROMETHEUS ENERGY
17677220NV,F,PROMETHEUS ENERGY
17677221OH,F,PROMETHEUS ENERGY
17677222OK,F,PROMETHEUS ENERGY
17677223PA,F,PROMETHEUS ENERGY
17677224TX,F,PROMETHEUS ENERGY
17677225UT,F,PROMETHEUS ENERGY
17677226WV,F,PROMETHEUS ENERGY
17677227WY,F,PROMETHEUS ENERGY
17677250TN,N,GENERAL GAS PIPELINE LLC
17677300KY,F,LAKE CUMBERLAND GAS AUTHORITY
17677400AL,F,PROMETHEUS ENERGY
17677401IN,F,PROMETHEUS ENERGY
17677402KS,F,PROMETHEUS ENERGY
17677403TN,F,PROMETHEUS ENERGY
17677500LA,F,GAS UTILITY 1 WEST FELICIANO PARISH
17677501WY,F,SHOSHONE PIPELINE LLC
17677550TN,F,MIDDLETON GAS DEPARTMENT CITY OF
17677551GA,F,DECATUR COUNTY INDUSTRIAL PARK
17677660MN,F,MINNESOTA POWER LASKIN ENERGY CENTER
17677661WV,F,PUTNAM NATURAL GAS COMPANY
17677662WV,F,TEAVEE OIL AND GAS COMPANY
17677663AL,F,JABSCO OIL OPERATING LLC
17677710OK,F,MERIT ENERGY CO
17677711KS,F,MERIT ENERGY CO
17677712KS,F,SWKI STEVENS HSW
17677713KS,F,SWKI STEVENS NE INC
17677714KS,F,SWKI SEWARD WC INC
17677715LA,F,BOARDWALK STORAGE COMPANY
17677760ND,F,PROMETHEUS ENERGY
17677761UT,F,CLEAN ENERGY
17677762MS,F,CLEAN ENERGY
17677763KS,F,CLEAN ENERGY
17677764IL,F,PROMETHEUS ENERGY
17677765TN,N,RED BOILING SPRINGS CITY OF
17677766PA,F,CLARION RIVER GAS
17677960NY,F,PROMETHEUS ENERGY
17677961MT,F,PROMETHEUS ENERGY
17677962AK,F,COOK INLET NATURAL GAS STORAGE
17678010TX,F,NET MEXICO PIPELINE
17680223MI,F,SEMCO ENERGY GAS COMPANY
17680330TX,N,KINDER MORGAN SHIP CHANNE
17680332TN,N,CAMBRIDGE RESOURCES  INC
17680334VA,N,VIRGINIA GAS PL CO
17680336VA,N,EARLY GROVE COMPANY
17680512LA,N,LOUIS DREYFUS NAT GAS CORP
17680528LA,F,CON GAS UTIL DIS GRANT PARISH
17680529CO,,WHITTIER P L
17680531TX,,WHITTIER P L
17680608IN,F,NATURAL GAS PL CO OF AMERICA
17680615KY,N,ATMOS ENERGY CORPORATION
17680617LA,N,JEFFERSON ISLAND STORAGE AND HUB L L
17680619TX,F,LOWER COLORADO RIVER AUTHORITY
17680806TX,N,PANENERGY TEXAS INTRASTATE PL
17680807KS,,RICHFIELD GAS STORAGE SYS
17681028KS,F,BLACK HILLS ENERGY
17681218AR,N,OZARK GAS TRANSMISSION LLC
17681218MO,F,KENNETT BOARD OF PUBLIC WORKS
17690008GA,F,SOUTHERN LNG INCORPORATED
17690211AL,F,CLARKE MOBILE COUNTIES GAS DISTRICT
17690318AZ,N,CITIZENS COMMUNICATIONS   SANTA CRUZ
17690323IL,F,NORTHERN BORDER P L CO
17690408MS,,Whittier
17690421OK,N,TRUSSVILLE CITY OF
17690506MS,F,DESTIN PIPELINE COMPANY L L C
17690514CA,F,CPN PIPELINE COMPANY
17690603MO,F,KINDER MORGAN INTERSTATE GAS TRANS
17692115NE,F,WAHOO CITY OF
17692308CA,N,CALPINE GAS COMPANY
17692326MI,F,SOUTHWEST GAS STORAGE COMPANY
17692327IL,F,SOUTHWEST GAS STORAGE COMPANY
17692328OK,F,SOUTHWEST GAS STORAGE COMPANY
17692405FL,F,SOUTHERN NATURAL GAS COMPANY
17692724MI,F,SEMCO PIPELINE INC
17692726NM,F,MARKWEST NEW MEXICO L P
17692823MT,F,HAVRE PL CO LLC
17692927MO,N,ATMOS ENERGY CORPORATION
17693115TX,N,FALCON GAS STORAGE COMPANY  INC
17694105IN,N,SIGCORP ENERGY SERVICES
17694131OH,F,VECTREN ENERGY DELIVERY OF OHIO
17694204AL,F,SOUTHERN NATURAL GAS COMPANY
17694206GA,F,SOUTHERN NATURAL GAS COMPANY
17694216OK,N,GII GAS COMPANY
17694411TN,F,POPLAR GROVE UTIL DIST
17694412NC,F,TOCCOA NATURAL GAS SYSTEM
17694420ME,F,MARITIMES NORTHEAST PIPELINE LLC
17694421NH,F,MARITIMES NORTHEAST PIPELINE LLC
17694422MA,F,MARITIMES NORTHEAST PIPELINE LLC
17694501LA,N,ELIZABETH NATURAL GAS
17694615WI,F,WISCONSIN PUB SVC CORP
17694621NM,N,RAPTOR NATURAL PIPELINE LLC
17694711IL,F,VECTOR PIPELINE CO
17694713IN,F,VECTOR PIPELINE CO
17694715MI,F,VECTOR PIPELINE CO
17694741IA,F,ALLIANCE PIPELINE LP
17694743IL,F,ALLIANCE PIPELINE LP
17694745MN,F,ALLIANCE PIPELINE LP
17694747ND,F,ALLIANCE PIPELINE LP
17694821TN,F,CLAIBORNE UTILITIES DISTRICT
17695010NH,F,PORTLAND NATURAL GAS TRANS SYSTEM
17695012ME,F,PORTLAND NATURAL GAS TRANS SYSTEM
17695150AL,F,USG PIPELINE COMPANY
17695152TN,F,USG PIPELINE COMPANY
17695154CO,F,WESTGAS INTERSTATE INCORPORATED
17695156WY,F,WESTGAS INTERSTATE INCORPORATED
17695158PA,F,INTERSTATE ENERGY CO
17695160OH,F,CROSSROADS PIPELINE
17695162IN,F,CROSSROADS PIPELINE
17695164MO,F,KPC PIPELINE LLC DIV OF MV PL LLC
17695166KS,F,KPC PIPELINE LLC
17695168OK,F,KPC PIPELINE LLC
17695170KY,F,KO TRANSMISSION
17695172OH,F,KO TRANSMISSION
17695174CO,F,TRANSCOLORADO GAS TRANSMISSION CO
17695176NM,F,TRANSCOLORADO GAS TRANSMISSION CO
17695178NV,F,TUSCARORA GAS TRANSMISSION CO
17695180CA,F,TUSCARORA GAS TRANSMISSION CO
17695182OR,F,TUSCARORA GAS TRANSMISSION CO
17695184TX,N,GULF STATES TRANSMISSION
17695188TX,N,PAN GRANDE PIPELINE
17695190MS,N,ENBRIDGE P L ALABAMA INTRASTA
17695194TX,F,ENBRIDGE P L TEXAS GATHERING LP
17695198WV,F,EXCO RESOURCES
17695200LA,F,AMERICAN MIDSTREAM SIGCO INTRASTATE
17695202TX,N,CANTERA GAS GATHERING INC
17695206AL,F,SOUTHERN GAS TRANSMISSION
17695208NY,F,OI AUBURN INC C O DUFCO INC
17695210OK,F,TENOAKS PIPELINE CO
17695212KS,N,HAWKER BEECHCRAFT CORPORATION
17695214TX,N,NEW MEXICO NATURAL GAS LD
17695216IL,F,ILLINOIS GAS TRANSMISSION
17695218TX,N,TRADERS CREEK PL GENERATION
17695220TX,F,5P GAS PIPELINE CO
17695222TX,N,DIRECT ENERGY
17695226NC,F,PINE NEEDLE LNG
17695228NC,F,CARDINAL PIPELINE CO
17695230OH,N,CONSTITUTION GAS TRANSPORT CO
17695232PA,N,BARKEYVILLE GAS
17695234MS,F,BURNSVILLE GAS CO
17695236OH,F,BRAINARD GAS CORP
17695238PA,N,C R G INC
17695240KS,N,SOUTHWEST KANSAS IRRIGATORS
17695242OH,F,NORTHEAST OHIO NATURAL GAS
17695244TX,F,PURE UTILITIES LC
17695248MN,F,ARCHER DANIELS MIDLAND CO
17695250MI,F,AURORA GAS COMPANY
17695252ME,F,BANGOR GAS COMPANY LLC
17695254WV,F,CANAAN VALLEY GAS COMPANY
17695256AL,N,COGASCO INC
17695258MO,N,FIDELITY NATURAL GAS INC
17695260NC,F,FRONTIER NATURAL GAS LLC
17695262OH,F,KNG ENERGY INC
17695264MN,N,ETHANOL 2000
17695264OK,N,TEXAS OKLAHOMA GAS LLC
17695265OK,F,TEXAS OKLAHOMA GAS LLC
17695266OH,F,ORWELL NATURAL GAS
17695268AK,F,FAIRBANKS NATURAL GAS
17695270CO,F,COLORADO NATURAL GAS INC
17695272KS,N,MAPLETON GAS PIPELINE
17695274MN,F,GREATER MINNESOTA GAS INC
17695278TN,N,UPPER CUMBERLAND GAS UTILITY DIST
17695280KS,F,WINONA GAS
17695282NE,F,SCRIBNER MUNICIPAL GAS
17695284IA,F,WALL LAKE CITY OF
17695286SD,F,CROOKS MUNICIPAL GAS
17695288MO,F,CUBA CITY OF GAS DEPARTMENT
17695290IA,F,FAIRBANK MUNICIPAL GAS
17695292TN,F,GALLAWAY CITY OF
17695294OH,F,MCCOMB NATURAL GAS
17695296MS,F,NORTHEAST MS NATURAL GAS DISTRICT
17695298MN,F,TYLER CITY OF
17695300NE,F,WISNER CITY OF
17695302MS,F,CALEDONIA NATURAL GAS DIST
17695304MS,F,RIENZI MUNCIPAL GAS CITY OF
17695306MN,F,CLEARBROOK MUNICIPAL GAS CITY OF
17695308TX,N,MAGNOLIA CITY OF
17695310IA,F,EVERLY MUNCIPAL UTILITY
17695312MN,F,COHASSET CITY OF
17695314MN,F,RANDALL CITY OF
17695316NE,F,FREMONT DEPT OF UTILITIES
17695318OH,F,CONSUMERS GAS COOP
17695320WI,F,FLORENCE UTILITY COMMISSION
17695322MI,F,PRESQUE ISLE E AND G COOP
17695324NE,F,STUART GAS CO
17695326KS,F,LAKIN CITY OF
17695328MN,F,BAGLEY PUBLIC UTILITIES
17695334OH,F,COMMUNITY ENERGY RESOURCES COOP
17695336MS,N,WINSTONVILLE TOWN OF
17695338TX,F,SPLENDORA CITY OF
17695340TN,N,TENGASCO INC
17695350TX,F,MAGIC VALLEY PIPELINE LP
17695352TX,N,CAPITAL GAS DISTRIBUTION
17695354TX,F,COSERV GAS LTD
17695358TX,N,EXOCO GOLDEN T INC
17695360TX,F,GATEWAY PIPELINE CO
17695362TX,F,GIANT ENERGY CORP
17695364TX,F,HUGHES NATURAL GAS INC
17695366TX,F,MISSION PIPELINE COMPANY
17695368TX,F,DEVON GAS SERVICES LP
17695370TX,F,NATGAS  INC
17695372TX,N,NORTH TEXAS GAS
17695374TX,F,OASIS PIPE LINE COMPANY TEXAS LP
17695376TX,F,ONYX PIPELINE COMPANY
17695380TX,F,PETROLEUM FUELS COMPANY
17695384TX,F,PORT ARANSAS CITY OF
17695386TX,F,PRAIRIE PIPELINE CO
17695388TX,N,PRISM PIPELINE INC
17695390TX,N,PROVIRON INC
17695396TX,F,SIENERGY LP
17695398TX,F,SOUTH SHORE PIPELINE COMPANY  LP
17695400TX,F,SPINDLETOP OIL & GAS CO
17695402TX,F,T AND L GAS CO
17695404TX,N,TEXAS MUNICIPAL POWER  AGENCY
17695406TX,F,UNIVERSAL NATURAL GAS INC
17695408TX,N,VIDOR PIPELINE
17695420TX,F,AMARILLO NATURAL GAS INC
17695424TX,F,KINDER MORGAN BORDER PIPELINE LLC
17695434TX,N,ARROWHEAD PIPELINE LP
17695438TX,F,RICHARDSON FUELS INC
17695450TX,F,TARGA INTRASTATE PIPELINE LLC
17695454LA,N,LOUISIANA GENERATING
17695456TX,F,BLUEBONNET NATURAL GAS LLC
17695458WY,F,PINEDALE NATURAL GAS INC
17695460UT,F,BLANDING CITY OF
17695470MO,F,RICHLAND CITY OF
17695472MO,F,ST JAMES MUN UTIL
17695474MO,N,HAMILTON GAS DEPT
17695476MO,F,WHEATON CITY OF
17695500AL,F,AMERICAN MIDSTREAM ALA INTRASTATE
17696204LA,N,GULF STATES PIPELINE
17696254TX,F,CHEVRON PHILLIPS CHEMICAL CO LP
17696301WY,F,MOUNTAIN GAS TRANSPORTATION LLC
17696303WY,N,MERIT ENERGY COMPANY
17696304MO,F,WAYNESVILLE TOWN OF
17696307UT,N,MERIT ENERGY COMPANY
17696315IN,F,NORTHERN BORDER P L CO
17696318TN,F,COUNCE GAS CORP
17696319NV,N,TRUSSVILLE CITY OF
17696320LA,F,WASHINGTON PARISH GUD  2
17696331IA,F,INTERSTATE POWER AND LIGHT COMPANY
17696401OK,F,PRODUCERS GAS GATHERING ARKOMA
17696402NM,F,PETROLEUM FUELS COMPANY
17696403LA,N,DUKE ENERGY FIELD SERVICES LP
17696416IN,N,QUICKSILVER RESOURCES INC
17696419PA,F,EQUITABLE GAS COMPANY
17696521MN,F,FOSSTON MUNICIPAL GAS CITY OF
17696543CA,F,WILD GOOSE STORAGE INC
17696545WY,F,CLEAR CREEK STORAGE CO
17696619OK,F,ONEOK GAS STORAGE
17696718NV,N,TRUSSVILLE CITY OF
17696720MA,F,PORTLAND NATURAL GAS TRANS SYSTEM
17696808MN,F,N W NATURAL GAS OF MURRAY CTY
17696809MN,F,NORTHWEST NATURAL GAS LLC
17696813KS,N,TENGASCO INC
17696910CO,F,AMARILLO NATURAL GAS INC
17696911KS,F,AMARILLO NATURAL GAS INC
17696912OK,F,AMARILLO NATURAL GAS INC
17696926LA,F,TRANSUNION INTERSTATE PIPELINE LTD
17696927AR,F,TRANS-UNION INTERSTATE PIPELINE LP
17696931TX,F,KINDER MORGAN KEYSTONE GAS STORAGE
17697202WI,F,GUARDIAN PIPELINE
17697203IL,F,GUARDIAN PIPELINE
17697213NY,N,CENTRAL NEW YORK OIL AND GAS CO
17698114RI,F,NARRAGANSETT ELECTRIC CO GAS DIV RI
17698117ME,F,MAINE NATURAL GAS CORP
17698206LA,F,MID LOUISIANA GAS TRANSMISSION LLC
17698213CO,N,KINDER MORGAN INC
17698224TX,F,ENERGY TRANSFER COMPANY TEXAS PL LTD
17698225TX,N,PELICAN TRANSMISSION LLC
17698318OK,N,TRADERS CREEK PL CORP
17698325TX,F,CALPINE TEXAS PIPELINE LP
17698410FL,F,GULFSTREAM NATURAL GAS SYSTEM LLC
17698412AL,F,GULFSTREAM NATURAL GAS SYSTEM LLC
17698414MA,N,GULFSTREAM NATURAL GAS SY
17698414MS,F,GULFSTREAM NATURAL GAS SYSTEM LLC
17698430GA,N,EAST TENNESSEE NAT GAS CO
17698506OK,F,ENABLE OKLAHOMA INTRASTATE TRANS LLC
17698507GA,F,EAST TENNESSEE NATURAL GAS LLC
17698522LA,N,CROSSTEX ENERGY SERVICES LP
17698911NM,F,SOUTHERN TRAILS PIPELINE COMPANY
17698912AZ,F,SOUTHERN TRAILS PIPELINE COMPANY
17698913CA,F,SOUTHERN TRAILS PIPELINE COMPANY
17698924MN,F,NORTHWEST GAS OF CASS COUNTY
17698926AZ,F,UNS GAS INC
17698930CA,F,NORTH BAJA PIPELINE COMPANY
17699009MS,F,SOUTHCROSS MISSISSIPPI PPL LP
17699010AL,N,SOUTHCROSS ALABAMA GATHERING SYS LP
17699012TX,F,GULF STATES TRANSMISSION LLC
17699013LA,F,REGENCY INTRASTATE GAS LP
17699051NC,F,PIEDMONT NATURAL GAS
17699060TX,N,ENBRIDGE PPL NE TEXAS LP
17699061AL,F,AMERICAN MIDSTREAM BAMAGAS LLC
17699062TX,F,ENBRIDGE PIPELINES TX INTRASTATE LP
17699063AL,N,AMERICAN MIDSTREAM ALABAMA GATHERING
17699064LA,N,MIDCOAST HOLDINGS NO ONE LLC
17699065KS,F,POSTROCK MIDCONTINENT PRODUCTION LLC
17699066NY,N,MIDCOAST HOLDINGS NO ONE LLC
17699115KS,F,MID CONTINENT MRKT CENTER
17699910LA,F,ADJUSTMENT P L CO
17699910MS,N,ADJUSTMENT P L CO
17699910WY,F,ADJUSTMENT P L CO
17699911UT,,Adjustment Company in Utah
17699912FL,F,ADJUSTMENT P L CO
17699912PA,F,ADJUSTMENT P L CO
17699913NY,F,ADJUSTMENT P L CO
17699915CO,F,ADJUSTMENT P L CO
17699920KS,F,ADJUSTMENT P L CO
17699921NM,F,ADJUSTMENT P L CO
17699922OK,N,ADJUSTMENT P L CO
17699923ME,F,ADJUSTMENT P L CO
17699923SC,F,ADJUSTMENT P L CO
17699924WI,N,ADJUSTMENT P L CO
17699925NE,F,ADJUSTMENT P L CO
17699926MO,N,ADJUSTMENT P L CO
17699927MN,F,ADJUSTMENT P L CO
17699928AR,N,ADJUSTMENT P L CO
17699929AZ,F,ADJUSTMENT P L CO
17699930CA,F,ADJUSTMENT P L CO
17699931CT,N,ADJUSTMENT P L CO
17699932GA,N,ADJUSTMENT P L CO
17699933IA,N,ADJUSTMENT P L CO
17699933NH,F,ADJUSTMENT P L CO
17699934IL,F,ADJUSTMENT P L CO
17699934NJ,F,ADJUSTMENT P L CO
17699935MA,N,ADJUSTMENT P L CO
17699936MD,N,ADJUSTMENT P L CO
17699937DE,F,ADJUSTMENT P L CO
17699938MI,F,ADJUSTMENT P L CO
17699938ND,F,ADJUSTMENT P L CO
17699939IN,F,ADJUSTMENT P L CO
17699940MT,F,ADJUSTMENT P L CO
17699941NC,N,ADJUSTMENT P L CO
17699941NV,N,ADJUSTMENT P L CO
17699942UT,N,ADJUSTMENT P L CO
17699947TN,N,ADJUSTMENT P L CO
17699951VA,N,ADJUSTMENT P L CO
17699973TD,N,ADJUSTMENT P L CO
17699981RU,N,ADJUSTMENT P L CO
17699990WV,F,ADJUSTMENT P L CO
17699991VT,N,ADJUSTMENT P L CO
17699992OR,N,ADJUSTMENT P L CO
17699993OH,N,ADJUSTMENT P L CO
17699994KY,F,ADJUSTMENT P L CO
17699995TX,F,ADJUSTMENT P L CO
17699996AL,F,ADJUSTMENT P L CO
17699997ID,F,ADJUSTMENT P L CO
17699998MS,F,ADJUSTMENT P L CO
1769999976,N,GAS RECEIVED SENT TO CANA
1769999978,N,GAS SENT RECEIVED FROM ME
17699999AG,N,ADJUSTMENT P L CO
17699999AK,N,ADJUSTMENT P L CO
17699999AU,N,ADJUSTMENT P L CO
17699999BE,N,ADJUSTMENT COMPANY
17699999BL,N,ADJUSTMENT COMPANY
17699999BR,N,ADJUSTMENT P L CO
17699999C2,N,ADJUSTMETN COMPANY
17699999CN,N,ADJUSTMENT P L CO
17699999EG,N,ADJUSTMENT P L CO
17699999ES,N,ADJUSTMENT COMPANY
17699999FX,F,ADJUSTMENT P L CO
17699999GQ,N,ADJUSTMENT P L CO
17699999I2,N,ADJUSTMENT P L CO
17699999JA,N,ADJUSTMENT P L CO
17699999KR,N,ADJUSTMENT P L CO
17699999MX,N,ADJUSTMENT P L CO
17699999MY,N,ADJUSTMENT P L CO
17699999NG,N,ADJUSTMENT P L CO
17699999NO,N,ADJUSTMENT P L CO
17699999NV,F,ADJUSTMENT P L CO
17699999OM,N,ADJUSTMENT P L CO
17699999OO,N,ADJUSTMENT P L CO
17699999PE,N,ADJUSTMENT COMPANY
17699999PT,N,ADJUSTMENT COMPANY
17699999QR,N,ADJUSTMENT P L CO
17699999TD,N,ADJUSTMENT P L CO
17699999TU,N,ADJUSMENT COMPANY TURKEY
17699999TW,N,ADJUSTMENT COMPANY TAIWAN
17699999UA,N,ADJUSTMENT P L CO
17699999UK,N,ADJUSTMENT COMPANY
17699999VT,F,ADJUSTMENT P L CO
17699999WA,F,ADJUSTMENT P L CO
17699999YE,N,ADJUSTMENT COMPANY
7672378NY ,N,NORSE PIPELINE LLC
99999999XX,N,3.33E+15
