YEAR,STATE,OWNER_COMPANY,OPERATOR_COMPANY,PLANT,COUNTY,ZIPCODE,STATUS,CAPACITY,FLOW,BTU,DRYGAS,LIQUIDGAS
2012,LA,,Sabine Pass Plant Facility Joint Venture,Sabine Pass Plant,Cameron Parish,70631,Not Active,300,57,"1,077",0,750
2012,WY,"Saga Petroleum, LLC",Saga Petroleum LLC,YU Bench,Park,82414,Active,5,1,"1,270",0,715
2012,AL,Hilcorp Energy Company,Hilcorp Energy Company,Lufkin Plant,Hilcorp Energy Company,36445,Active,5,1,"1,400",0,"1,000"
2012,CA,Linn Energy,Linn Western Operating Inc,Stearns Gas Plant,Orange,92821,Active,5,2,"1,100",0,"1,714"
2012,MT,Saga Petroleum LLC,Saga Petroleum LLC,Dry Creek Plant,Carbon,59014,Active,4,2,"1,210",0,4
2012,KY,Vinland Energy LLC,Vinland Energy LLC,Oneida Processing Facility,Clay,40972,Not Active,12,8,"1,200",,"1,813"
2012,TX,"Energy Transfer Equity, LP","Southern Union Gas Services, LTD",Coyanosa,Pecos,79730,Active,130,95,"1,160",0,0
2012,TX,"Energy Transfer Equity, LP","Southern Union Gas Services, LTD",Halley,Winkler,79745,Active,110,43,"1,228",0,0
2012,NM,"Energy Transfer Equity, LP","Southern Union Gas Services, LTD",Jal #3,Lea,88252,Active,90,75,"1,244",0,"2,500"
2012,TX,"Energy Transfer Equity, LP","Southern Union Gas Services, LTD",Keystone,Winkler,79745,Active,135,105,"1,234",0,0
2012,TX,"Energy Transfer Equity, LP","Southern Union Gas Services, LTD",Tippett,Crockett,79752,Active,60,56,"1,140",0,0
2012,PA,"Laurel Mountain Midstream, LLC","Laurel Mountain Midstream, LLC",Stewart Plant,Washington,15430,Active,18,5,"1,320",0,"1,821"
2012,LA,Targa Resources,Targa Resources,Stingray Gas Plant,Cameron,70631,Active,300,135,"1,067",0,714
2012,CA,"Venoco, Inc","Venoco, Inc",Carpinteria Gas Plant,Santa Barbara,93013,Active,30,1,"1,000",0,34
2012,MI,Whiting Oil and Gas Corporation,Whiting Oil and Gas Corporation,West Branch Gas Plant,OGEMAW,48661,Active,10,5,"1,302",0,"4,714"
2012,MI,Whiting Oil and Gas Corporation,Whiting Oil and Gas Corporation,Reno Gas Plant,Iosco,48770,Active,8,0,"1,300",0,"1,429"
2012,ND,Whiting Oil and Gas Corporation,Whiting Oil and Gas Corporation,Robinson Lake Gas Plant,Montrail,58763,Active,60,48,"1,550",0,"20,885"
2012,TX,XTO Energy Inc,XTO Energy Inc,CGU Cordona Lake Plant,Crane,79731,Active,10,3,754,0,443
2012,AL,Plains Gas Solutions,"CDM MAX, LLC",Dogwood Oaks Plant,Escambia,36426,Active,4,4,"1,000",0,"1,000"
2012,KY,"MarkWest Energy Appalacia, LLC","MarkWest Energy Appalacia, LLC",Langley Processing Plant,Floyd,41645,Active,170,143,"1,294",0,"4,897"
2012,OK,Oneok Field Services,Oneok Field Services,Panther Creek Plant,Washita,73626,Active,78,72,"1,130",0,750
2012,OK,Oneok Field Services,Oneok Field Services,Maysville Plant,Garvin,73057,Active,135,110,"1,295",0,"3,230"
2012,ND,Oneok Rockies Midstream,Oneok Rockies Midstream,Marmarth Plant,Slope,58643,Active,9,7,,0,"2,857"
2012,ND,Oneok Rockies Midstream,Oneok Rockies Midstream,Lignite Gas Plant,Burke,58752,Active,12,6,"1,380",0,"10,000"
2012,OK,Oneok Field Services,Oneok Field Services,Leedey Plant,Dewey,73654,Active,50,16,"1,180",0,"2,850"
2012,MT,Oneok Rockies Midstream,Oneok Rockies Midstream,McKenzie Plant (aka Grasslands Plant),McKenzie,59270,Active,95,80,"1,375",0,"28,454"
2012,ND,Oneok Rockies Midstream,Oneok Partners,Garden Creek,McKenzie,58854,Active,100,95,"1,465",0,"6,033"
2012,WY,QEP Field Services,QEP Field Services,Emigrant Trail Gas Plant,Uinta,82937,Active,55,50,"1,148",0,"2,800"
2012,WY,ConocoPhillips (Burlington Resources),ConocoPhillips,Lost Cabin Gas Plant,Fremont,82642,Active,355,295,980,0,0
2012,WY,QEP Field Services,QEP Field Services,Vermillion Gas Plant,Sweetwater,82934,Active,50,49,"1,118",0,685
2012,TX,J-W Pipeline Company,J-W Pipeline Company,Sweetwater Creek Plant,Wise,76234,Active,45,17,"1,140",0,"2,860"
2012,OK,Oneok Field Services,Oneok Field Services,Stephens Plant,Stephens,73491,Active,30,26,"1,167",0,175
2012,KS,Oneok Field Services,Oneok Field Services,Scott City Plant,Scott,67871,Not Active,200,42,920,0,"1,400"
2012,ND,Hess Corporation,Hess Corporation,Tioga Gas Plant,Williams,58852,Active,110,85,"1,300",0,"50,000"
2012,OK,Cardinal Arkoma Midstream LLC,Cardinal Arkoma Midstream LLC,Tupelo Gas Processing Plant,Coal,74538,Active,120,110,"1,200",0,"4,700"
2012,TX,Chevron,Four Star Oil & Gas,Headlee,Ector,79762,Active,100,45,"1,330",0,"1,820"
2012,PA,"KCS Energy, Inc","KCS Energy, Inc.",Grunder Plant,Warren,16365,Active,2,1,"1,360",0,"1,428"
2012,WV,MarkWest Hydrocarbons,Greystar Corporation,Kermit,Mingo,25674,Active,40,24,"1,276",0,714
2012,WV,Chesapeake Appalachia LLC,Greystar Corporation,Holden,Logan,25625,Active,11,6,"1,269",0,"2,853"
2012,WV,Chesapeake Operating Inc.,Chesapeake Operating Inc.,Smokehouse,Logan,25508,Active,15,5,"1,220",0,"1,429"
2012,TX,"Eagle Rock Field Services, L.P.","Eagle Rock Field Services, L.P.",Red Deer Plant,Roberts,79014,Active,25,22,"1,250",0,215
2012,TX,"Eagle Rock DeSoto Pipeline, L.P.","Eagle Rock DeSoto Pipeline, L.P.",Reklaw (Limerock Facility),Rusk,75784,Not Active,2,2,981,0,250
2012,TX,"Eagle Rock Field Services, L.P.","Eagle Rock Field Services, L.P.",Roberts County Plant,Roberts,79059,Not Active,25,11,"1,150",0,"1,428"
2012,TX,"EROC Gathering Company, LP","EROC Gathering Company, LP",Rosewood Dew Point Facility,Upshur,75644,Active,13,6,702,0,452
2012,OK,,,"Timberland Gathering & Proc. Co., Inc.",Texas,73951,Active,60,15,"1,030",0,"1,137"
2012,TX,Exterran,Exterran,Hanover Reinecke,Borden,79511,Not Active,50,45,275,0,0
2012,TX,"Eagle Rock Field Services, L.P.","Eagle Rock Field Services, L.P.",Woodall Plant,Hemphill,79011,Active,60,40,"1,200",0,"3,500"
2012,OK,Atoka Midstream LLC,Atoka Midstream LLC,Atoka,Atoka,74525,Not Active,,,,,
2012,TX,Oxy USA Inc - Permian,Hess Corporation,Seminole Gas Plant,Gaines,79360,Active,280,257,156,0,"9,600"
2012,TX,Chevron,Chevron,Ozona,Crockett,76943,Active,32,18,"1,235",0,648
2012,TX,Oxy USA WTP,Oxy USA WTP,Willard CO2 Recovery Plant,Yoakum,79323,Active,90,80,160,0,"1,310"
2012,OK,Atlas Pipeline Mid-Continent LLC,Atlas Pipeline Mid-Continent LLC,Chaney Dell Plant,Major,73768,Active,30,28,"1,150",0,"1,532"
2012,OK,Atlas Pipeline Mid-Continent LLC,Atlas Pipeline Mid-Continent LLC,Chester Plant,Woodward,73838,Active,30,29,"1,120",0,0
2012,OK,Atlas Pipeline Mid-Continent LLC,Atlas Pipeline Mid-Continent LLC,Waynoka Plant,Woods,73717,Active,200,199,"1,136",1,0
2012,OK,,Enable Gas Transmission LLC,Coalgate Plant,Coal,74538,Active,15,13,"1,134",0,715
2012,TX,Occidental Permian Ltd,Occidental Permian Ltd,Denver Unit CO2 Recovery Plant,Yoakum,79323,Active,290,279,300,0,"90,000"
2012,TX,Occidental Permian Ltd,Occidental Permian Ltd,Wasson ODC Unit CO2 Removal Plant,Yoakum,79323,Active,100,97,170,0,"4,095"
2012,TX,Occidental Permian Ltd,Occidental Permian Ltd,WPMT NGL,Yoakum,79323,Active,35,18,"1,100",0,0
2012,MI,Dart Oil & Gas Corp,Dart Oil & Gas Corp,Marion Gas Plant,Osceola,49665,Active,5,1,"1,150",0,607
2012,MI,Dart Oil & Gas Corp,Dart Oil & Gas Corp,Goose Lake Gas Plant,Osceola,49655,Active,2,0,"1,127",0,607
2012,TX,Oxy,Oxy Permian,Slaughter Gasoline Plant (Mallet),Hockley,79372,Active,335,335,"1,250",0,"2,200"
2012,TX,Oxy,Oxy Permian,Slaughter Gasoline Plant,Hockley,79372,Active,35,30,"1,400",0,"562,500"
2012,AL,"American Midstream (Mississippi), LLC",American Midstream,Atmore Plant,Escambia,36502,Active,3,1,"1,218",0,429
2012,TX,DCP Midstream,DCP Midstream,Austin Giddings,Fayette,78945,Active,95,90,"1,218",0,"7,238"
2012,MS,"American Midstream (Mississippi), LLC",American Midstream,Bazor Ridge,Wayne,39367,Active,20,15,"1,277",0,"2,857"
2012,CO,DCP Midstream,DCP Midstream,Eaton,Weld,80615,Active,12,10,"1,175",0,"1,425"
2012,CO,DCP Midstream,DCP Midstream,Greeley,Weld,80634,Active,27,24,"1,175",0,"17,150"
2012,TX,PVR East Texas Gas Processing LLC,,Crossroads,Harrison,75672,Active,80,50,"1,120",0,0
2012,OK,Lumen Midstream Partnership LLC,Lumen Midstream Partnership LLC,Amber Gas Plant,Grady,73004,Active,21,12,"1,130",0,380
2012,PA,"Laurel Mountain Midstream, LLC","Laurel Mountain Midstream, LLC",Robin Hill Plant,Washington,15019,Active,18,5,"1,328",0,"1,215"
2012,MI,"BreitBurn Operating, L.P.","BreitBurn Operating, L.P.",Monitor 11,Bay,48706,Active,0,0,"1,130",0,"1,332"
2012,OK,"Madill Gas Processing Co, LLC","Carrera Operating Co, LLC",Madill Gas Plant,Marshall,73446,Active,50,23,"1,200",0,"3,800"
2012,TX,ExxonMobil Corporation,Kinder Morgan CO2,Snyder Gasoline Plant,Scurry,79549,Active,90,52,"1,150",0,"1,000"
2012,TX,Chaparral Resources LLC,"Chaparral Energy, LLC",North Fayette Treating Plant,Fayette,78942,Active,10,1,"1,110",0,0
2012,KS,Atlas KS Energy LLC,"Pioneer Exploration, LLC",Spivey,Harper,67058,Active,22,15,"1,197",0,"7,620"
2012,CO,"Prowers Gas Gathering Co, LLC","Prowers Gas Gathering Co, LLC",Clyde Gasoline Plant,Prowers,,Active,3,1,"1,200",0,700
2012,CO,Williams,Williams,Ryan Gulch Compressor Station,Rio Blanco,81650,Not Active,120,110,110,0,0
2012,TX,"McLean Gas Processing Company, LLC","Carrera Operating Company, LLC",McLean Plant,Gray,79057,Active,25,12,"1,200",0,300
2012,TX,Williams Field Services-Gulf Coast Company LP,Williams Field Services-Gulf Coast Company LP,Markham Gas Processing Plant,Matagorda,77456,Active,500,326,"1,124",0,0
2012,LA,,"Crosstex LIG, Liquids, LLC",Gibson Plant,Terrabone Parish,70356,Active,110,110,"1,063",0,0
2012,MI,Merit Energy Company,Merit Energy Company,Lenox 36,Macomb,48048,Not Active,0,0,"1,333",0,286
2012,MI,Merit Energy Company,Merit Energy Company,Hartland 36 Processing Plant,Livingston,48353-1010,Active,8,1,"1,313",0,714
2012,WV,East Resources,Elkhorn Gas Processing,Hurricane Gas Processing Plant,Putham,25526,Active,10,6,"1,260",0,"2,900"
2012,WY,"Chevron USA, Inc.","Chevron USA, Inc.",Table Rock Gas Plant,Sweetwater,82901,Active,47,12,867,0,"1,000"
2012,TX,Enbridge Pipelines (Texas Gathering) L.P.,Enbridge Pipelines (Texas Gathering) L.P.,Hidetown Plant,Wheeler,79096,Active,132,132,"1,121",0,833
2012,TX,Enbridge Pipelines (Texas Gathering) L.P.,Enbridge Pipelines (Texas Gathering) L.P.,Osborne Plant,Roberts,79059,Active,25,16,"1,236",0,476
2012,TX,PVR Partners,PVR Midstream,Antelope Hills Plant,Hemphill,79104,Active,130,130,"1,165",0,"1,200"
2012,OK,PVR Partners,PVR Midstream,Beaver Gas Processing,Beaver,73932,Active,100,100,"1,178",0,"2,200"
2012,TX,PVR Gas Processing LLC,PVR Gas Processing LLC,Spearman Plant,Ochiltree,79104,Active,100,100,"1,158",0,"1,300"
2012,TX,Tristream East Texas LLC,Tristream East Texas LLC,Eustace Gas Plant,Henderson,75124,Active,58,31,822,0,312
2012,LA,"Plains Gas Solutions, LLC","Plains Gas Solutions, LLC",Grand Cheniere,Cameron,70643,Active,450,200,"1,050",0,300
2012,MI,Merit Energy Company,Merit Energy Company,Mentor Plant,Oscoda,48654,Active,10,4,"1,164",0,"1,428"
2012,TX,"Enterprise Hydrocarbons, LP","Enterprise Products Operating, LLC",San Martin Plant,Bexar,78112,Active,200,145,"1,251",0,0
2012,TX,"Enterprise Hydrocarbons, LP","Enterprise Products Operating, LLC",Shilling Gas Plant,Webb,78357-2032,Active,110,110,"1,200",0,0
2012,TX,"Enterprise Hydrocarbons, LP","Enterprise Products Operating, LLC",Delmita Gas Plant,Starr,78536,Active,130,117,"1,135",0,700
2012,TX,Enterprise Hydrocarbons LP,Enterprise Products Operating LLC,Matagorda Gas Plant,Matagorda,77465,Not Active,225,0,"1,055",0,0
2012,LA,Samson Resources,Samson Contour Energy,Samson Benton Plant,Bossier,71006,Active,4,1,"1,108",0,"1,000"
2012,AL,Samson Resources,Samson Resources,Gordo BWB Compressor & Processing Plant,Pickens,35466,Active,5,4,"1,120",0,714
2012,OK,Enbridge G & P,Enbridge G & P,Nine Mile Gas Plant,Dewey,73654,Active,140,120,"1,200",0,"1,214"
2012,MS,Samson Resources,Samson Resources,Corinne Dehy Refrigeration Station,Monroe,39730,Active,3,2,"1,140",0,428
2012,CO,Noble Energy,Noble Energy,Lilli Plant,Weld,80742,Active,7,5,"1,310",44,"2,500"
2012,CO,Williams,Williams,Sagebrush Gas Plant,Rio Blanco,81650,Not Active,30,10,"1,110",0,"1,711"
2012,WY,Encana Oil & Gas (USA) Inc.,Encana Oil & Gas (USA) Inc.,Pavillion Gas Plant,Fremont,82523,Active,,,"1,078",0,"2,850"
2012,KY,"MarkWest Energy Appalacia, LLC","MarkWest Energy Appalacia, LLC",Boldman,Pike,41501,Active,70,37,"1,259",0,0
2012,WV,"Markwest Energy Appalacia, LLC","Markwest Energy Appalacia, LLC",Cobb,Kenewha,25045,Active,65,35,"1,240",0,0
2012,WV,"Markwest Energy Appalacia, LLC","Markwest Energy Appalacia, LLC",Kenova,Wayne,25530,Active,160,108,"1,238",0,0
2012,TX,"Eagle Rock Field Services, L.P.","Eagle Rock Field Services, L.P.",Canadian Plant,Hemphill,79014,Not Active,25,24,"1,240",0,700
2012,TX,"Eagle Rock DeSoto Pipeline, L.P.","Eagle Rock DeSoto Pipeline, L.P.",Bleiblerville Facility,Austin,78931,Not Active,0,0,"1,142",0,714
2012,TX,"Eagle Rock Energy Services, L.P.","Eagle Rock Energy Services, L.P.",Cargray Plant,Carson,79097,Active,25,18,"1,410",0,"25,747"
2012,PA,MarkWest Liberty Midstream & Resources,MarkWest Liberty Midstream & Resources,Houston Plant,Washington,15301,Active,289,176,"1,256",0,77
2012,TX,"Eagle Rock Field Services, L.P.","Eagle Rock Field Services, L.P.",Gray County Plant,Gray,79065,Active,20,14,"1,425",0,0
2012,TX,"Eagle Rock Energy Services, L.P.","Eagle Rock Energy Services, L.P.",Lefors Plant,Gray,79054,Active,8,6,"1,290",0,"3,316"
2012,TX,"Midstream Energy Services, LLC","Midstream Energy Services, LLC",Grey Badger,CARSON,79068,Active,25,15,"1,300",0,"2,800"
2012,TX,"Eagle Rock Energy Services, L.P.","Eagle Rock Energy Services, L.P.",Phoenix Arrington Ranch Plant,Hemphill,79014,Active,80,62,"1,180",0,575
2012,CA,"Vintage Production California, LLC","Vintage Production California, LLC",Santa Clara Valley Gas Plant,Ventura,93040,Active,10,7,"1,300",0,"3,310"
2012,NM,DCP Midstream,DCP Midstream,Antelope Ridge,Lea,88240,Active,30,22,"1,187",0,405
2012,TX,DCP Southeast Texas Plants,DCP Midstream,CIPCO Supersystem,Jefferson,77640,Active,400,320,"1,143",1,"62,115"
2012,TX,DCP East Texas Gathering,DCP Midstream,East Texas,Panola,75631,Active,"1,000",710,"1,128",0,"185,000"
2012,OH,Cobra Pipeline Company,Cobra Pipeline Company,Churchtown Compressor,Washington,45750,Active,2,1,"1,225",0,"1,100"
2012,NM,DCP Midstream,DCP Midstream,Eunice,Lea,88240,Active,105,95,"1,250",0,"4,000"
2012,NM,DCP Midstream,DCP Midstream,Hobbs Cryogenics Plant,Lea,88240,Active,42,36,"1,125",0,80
2012,NM,DCP Midstream,DCP Midstream,Linam Ranch,Lea,88240,Active,225,164,"1,241",0,"1,400"
2012,TX,DCP Midstream,DCP Midstream,Panhandle Superplant,,79007,Active,475,343,"1,200",0,"20,307"
2012,WY,Williams,"Williams Midstream Services, LLC",Echo Springs Gas Plant,Carbon,82336,Active,745,600,"1,150",0,0
2012,CO,Williams,"Williams Midstream Services, LLC",Ignacio Gas Plant,La Plata,81303,Active,585,456,"1,110",0,"38,850"
2012,CO,Williams Midstream,Williams Midstream,Johnson Dew Point Facility,Dolores,81320,Active,10,1,"1,100",0,857
2012,CO,Williams Midstream,Williams Midstream,Koskie Dew Point Facility,Montezuma,81327,Active,10,1,"1,200",0,857
2012,NM,Williams,"Williams Midstream Services, LLC",Kutz Gas Plant,San Juan,87413,Active,230,135,"1,117",0,"1,430"
2012,TX,"Prism Gas Systems I, LP","Prism Gas Systems I, LP",Waskom Gas Processing,Harrison,75692,Active,320,250,"1,090",0,"38,500"
2012,OK,,Enable Gas Transmission LLC,Leedey Compressor Station and Refrigeration Plant,Custer,73654,Not Active,8,4,"1,216",0,619
2012,OK,Enogex Products LLC,Enable Products LLC,Canute,Washita,73626,Active,60,51,"1,180",0,0
2012,OK,Enogex Products LLC,Enable Products LLC,Thomas,Custer,73669,Active,150,127,"1,150",0,0
2012,OK,Enogex Products LLC,Enable Products LLC,Calumet,Canadian,73014,Active,250,133,"1,150",0,"5,952"
2012,WY,Merit Energy Company,Merit Energy Company,Painter,Uinta,82931,Active,270,235,727,0,"13,000"
2012,OK,Enogex Products LLC,Enable Products LLC,Wetumka,Hughes,74883,Active,60,35,"1,150",0,"2,857"
2012,OK,Enogex Products LLC,Enable Products LLC,Clinton,Custer,73601,Active,120,111,"1,240",0,0
2012,OK,Enogex Products LLC,Enable Products LLC,Cox City,Grady,73082,Active,180,121,"1,140",0,"3,333"
2012,OK,Enogex Products LLC,Enable Products LLC,South Canadian,Custer,73014,Active,200,176,"1,180",0,0
2012,TX,Devon Energy Corp,Devon Gas Services LP,West Johnson County Plant,Johnson,76044,Active,100,79,"1,068",0,"4,296"
2012,TX,Devon Energy Corp,Devon Gas Services LP,Bridgeport Plant,Wise,76426,Active,650,623,"1,167",0,"48,415"
2012,ND,Hiland Partners,Hiland Partners,Norse,,58755,Active,25,16,"1,450",0,"290,000"
2012,ND,Hiland Partners,Hiland Partners,Watford City,,58831,Active,85,30,"1,450",0,"1,620,000"
2012,MI,"BreitBurn Operating, L.P.","BreitBurn Operating, L.P.",Fraser 8,Bay,48650,Active,2,2,"1,130",0,"1,332"
2012,MI,"BreitBurn Operating, L.P.","BreitBurn Operating, L.P.",Beaver Creek,Crawford,49735,Active,2,2,"1,530",0,714
2012,MI,"BreitBurn Operating, L.P.","BreitBurn Operating, L.P.",Sherman 35,Osceola,49655,Active,2,2,"1,220",0,714
2012,TX,J-W Gathering Company,J-W Gathering Company,Tyler Gas Plant,Smith,75704,Active,2,1,"1,102",0,"1,000"
2012,LA,Discovery Producer Services,Williams Energy LLC,Larose Processing Plant,Lafourche,70373,Active,600,500,"1,070",0,100
2012,WY,"Colorado Interstate Gas Company, LLC","Colorado Interstate Gas Company, LLC",Rawlins,Carbon,82334,Active,220,98,"1,066",0,"23,879"
2012,TN,"Seminole Gas Company, LLC","Seminole Gas Company, LLC",Rogersville Cryogenic Plant,Hawkins,37857,Active,25,19,"1,200",0,"2,857"
2012,LA,Devon Energy,Devon Energy,Rocky Mount,Bossier,71064,Active,2,1,"1,126",0,429
2012,OK,Devon Gas Services LP,Devon Gas Services LP,Cana Plant,Canadian,73014,Active,200,182,"1,110",0,"6,095"
2012,LA,"Enterprise Gas Processing, LLC","Enterprise Gas Processing, LLC",Sea Robin Gas Processing Plant,Vermillion,70533,Active,660,301,"1,080",0,"1,000"
2012,CO,"Enterprise Gas Processing, LLC","Enterprise Gas Processing, LLC",Meeker Gas Plant,Rio Blanco,81650,Active,"1,800","1,505","1,100",0,0
2012,NM,"Enterprise Field Services, LLC","Enterprise Products Operating, LLC",Chaco Gas Plant,San Juan,87413,Active,600,485,"1,150",0,"400,000"
2012,TX,"Enterprise Hydrocarbons, LP","Enterprise Products Operating, LLC",Armstrong,Dewitt,77995,Active,250,229,"1,201",0,"16,142"
2012,TX,"Enterprise Hydrocarbons, LP","Enterprise Products Operating, LLC",Thompsonville Gas Plant,Jim Hogg,77369,Active,330,305,"1,140",0,0
2012,OK,"Mustang Gas Products, LLC","Mustang Gas Products, LLC",Dover-Hennessey Gas Plant,Kingfisher,73742,Active,40,25,"1,000",0,600
2012,OK,Mustang Ventures CO,"Mustang Gas Products, LLC",Binger,Caddo,73009,Active,15,8,"1,000",0,0
2012,WY,"Legacy Reserves Operating, LP","Legacy Reserves Operating, LP",Austin Creek Gas Plant,Natrona,82604,Active,3,3,"1,175",0,800
2012,LA,"Enterprise Gathering, LLC","Enterprise Hydrocarbons, LP",State Line Gas Processing Plant,DeSoto,71049,Not Active,30,22,"1,050",0,700
2012,LA,DCP Midstream,DCP Midstream,Ada Plant,Bienville,71028,Active,45,45,"1,080",0,714
2012,LA,"Enterprise Gas Processing, LLC","Enterprise Gas Processing, LLC",North Terrebonne Plant,Gibson,70356,Active,"1,100",650,"1,100",0,"2,000"
2012,LA,"Enterprise Gas Processing, LLC","Enterprise Gas Processing, LLC",Neptune Gas Plant,St. Marys,70522,Active,650,431,"1,083",0,0
2012,LA,"Enterprise Gas Processing, LLC","Enterprise Gas Processing, LLC",Burns Point Plant,St. Mary,70538,Active,160,125,"1,070",0,500
2012,NM,ConocoPhillips,ConocoPhillips,East Vacuum Liquid Recovery Plant,Lea,88260,Active,25,21,"1,026",0,"1,100"
2012,NM,DCP Midstream,DCP Midstream,Artesia,Eddy,88210,Active,90,90,"1,170",0,"2,573"
2012,NM,DCP Midstream,DCP Midstream,Carlsbad Plant,Eddy,88256,Not Active,22,17,"1,178",0,100
2012,OK,DCP Midstream,DCP Midstream,Chitwood,Grady,73067,Active,85,80,"1,225",0,"4,000"
2012,OK,DCP Midstream,DCP Midstream,Cimarron,Woodward,73663,Active,65,60,"1,100",0,"1,906"
2012,LA,J-W Gathering Company,J-W Gathering Company,Gravel Point,DeSoto,71027,Active,45,40,"1,040",0,"2,429"
2012,OK,DCP Midstream,DCP Midstream,Cyril,Caddo,73017,Not Active,15,13,"1,080",25,600
2012,WY,ExxonMobil Production Company,ExxonMobil Production Company,Shute Creek Treating Facility,Lincoln/Sweetwater,83101,Active,690,145,240,0,0
2012,TX,ExxonMobil Production Company,ExxonMobil Production Company,King Ranch Gas Plant,Kleburg,78363,Active,800,550,"1,052",0,"160,000"
2012,TX,,Houston Pipeline,McMullen,McMullen,78072,Active,5,3,"1,387",0,760
2012,OK,DCP Midstream,DCP Midstream,Fox Plant,Carter,73438,Active,23,20,"1,250",0,"1,450"
2012,OK,DCP Midstream,DCP Midstream,Kingfisher,Kingfisher,73016,Active,180,135,"1,200",0,"3,600"
2012,TX,DCP Midstream,DCP Midstream,La Gloria,Jim Wells,78355,Active,265,160,"1,130",0,"34,120"
2012,CO,DCP Midstream,DCP Midstream,Ladder Creek,Cheyenne,80810,Active,55,15,750,0,600
2012,CO,DCP Midstream,DCP Midstream,Lucerne,Weld,80631,Active,40,38,"1,175",0,"2,850"
2012,CO,DCP Midstream,DCP Midstream,Mewbourne,Weld,80651,Active,143,143,"1,175",0,"120,000"
2012,LA,DCP Assets Holding,DCP Midstream,Minden Beacon,Webster,71055,Active,115,65,"1,185",0,0
2012,AL,DCP Midstream,DCP Midstream,Mobile Bay Processing,Mobile,36523,Active,300,185,"1,141",0,0
2012,OK,DCP Midstream,DCP Midstream,Mooreland,Woodward,73852,Active,130,100,"1,180",0,"4,117"
2012,OK,DCP Midstream,DCP Midstream,Mustang,Grady,73089,Active,34,32,"1,160",0,"1,667"
2012,KS,National Helium,DCP Midstream,National Helium,Seward,67901,Active,800,580,"1,080",0,"4,000"
2012,TX,"NorTex Midstream Partners, LLC","Worsham-Steed Gas Storage, LLC",Worsham-Steed Cryogenic Gas Plant,Jack,76486,Active,60,53,"1,027",0,0
2012,OK,DCP Midstream,DCP Midstream,Okarche Plant,Kingfisher,73762-9628,Active,165,150,"1,165",0,"3,095"
2012,TX,DCP Midstream,DCP Midstream,Ozona Gas Processing Plant Partnership,Cockett,76943-1029,Active,120,85,"1,160",0,"15,833"
2012,LA,LNGP LLC,Treetop Midstream Services LLC,Antioch Gas Processing Facility,Claiborne,71048,Active,3,2,"1,255",0,"1,429"
2012,TX,"CenterPoint Energy Field Services, LLC","CenterPoint Energy Field Services, LLC",Stockman Plant,Shelby,75935,Active,15,2,"1,057",0,715
2012,LA,,Enable Gas Transmission LLC,Sligo Processing Facility,Bossier,71037,Active,230,230,"1,059",0,"8,000"
2012,TX,"CenterPoint Energy Field Services, LLC","CenterPoint Energy Field Services, LLC",Joaquin Plant,Shelby,75954,Active,30,8,"1,045",0,"1,190"
2012,LA,"CenterPoint Energy Field Services, LLC","CenterPoint Energy Field Services, LLC",Elm Grove Plant,Bossier,71051,Active,2,2,"1,047",0,310
2012,TX,Pecan Pipeline Company,Pecan Pipeline Company,Kripple Kreek Gas Plant,Montague,76230,Active,120,91,"1,189",0,"8,571"
2012,LA,"CenterPoint Energy Field Services, LLC","CenterPoint Energy Field Services, LLC",Caspiana Plant,Caddo,71115,Active,15,15,"1,051",0,715
2012,CO,Anadarko Petroleum Corp,Anadarko Petroleum Corp,Wattenberg Gas Plant,Adams,80019,Active,195,180,"1,230",0,"9,500"
2012,CO,"Western Gas Partners, LP","Western Gas Partners, LP",Platte Valley Gas Plant,Weld,80621,Active,105,103,"1,251",0,"15,000"
2012,WY,"Western Gas Partners, LP","Western Gas Partners, LP",Patrick Draw Gas Plant,Sweetwater,82901,Active,130,85,"1,100",0,"24,500"
2012,WY,"Western Gas Partners, LP","Western Gas Partners, LP",Newcastle Complex,Weston,82710,Active,3,3,"1,550",0,"4,005"
2012,UT,"Western Gas Partners, LP","Western Gas Partners, LP",Chipeta Plant,Uintah,84078,Active,750,600,"1,106",0,"34,285"
2012,WY,"Western Gas Partners, LP","Western Gas Partners, LP",Highlight Complex,Campbell,82718,Active,45,33,"1,275",0,"13,725"
2012,WY,Crestone Energy Ventures LLC,"Western Gas Partners, LP",Fort Union Medicine Bow Treating Facility,converse,82633,Active,340,300,960,0,0
2012,CO,Williams Production RMT / Williams Midstream,Williams Midstream,Grand Valley Gas Plant,Garfield,81635,Active,120,70,"1,072",0,"2,140"
2012,CO,Williams Production RMT / Williams Midstream,Williams Midstream,Hay Barn Gas Plant,Garfield,81635,Not Active,35,0,"1,072",0,190
2012,CO,Williams Production RMT / Williams Midstream,Williams Midstream,Parachute Creek Gas Plant,Garfield,81635,Active,"1,200",780,"1,072",0,"16,000"
2012,TX,MarkWest Energy Partners LLC,"MarkWest Energy Partners, LLC",Carthage Gas Plant,Panola,75633,Not Active,280,260,"1,145",0,0
2012,OK,"MarkWest Oklahoma Gas Company, LLC","MarkWest Oklahoma Gas Company, LLC",Arapahoe Plant (I and II),Custer,73625,Active,225,225,"1,205",0,0
2012,TX,Teco Gas Processing LLC,Enterprise Products Operating LLC,Indian Springs Gas Plant,Polk,77351,Active,146,125,"1,160",0,"1,068"
2012,TX,"Enterprise Hydrocarbons, LP","Enterprise Products Operating, LLC",Gilmore Gas Plant,Hidalgo,78541,Active,265,225,"1,140",0,900
2012,CO,Williams,"Williams Midstream Services, LLC",Willow Creek,Rio Blanco,81650,Active,450,405,"1,070",0,0
2012,WY,WIlliams,"Williams Midstream Services, LLC",Opal Gas Plant,Lincoln,83124,Active,"1,480","1,472","1,300",0,"37,000"
2012,NM,"Western Gas Holding Company, LLC","Anadarko Petroleum Corporation, Corp",San Juan Gas Plant,San Juan,87417,Active,60,32,"1,080",0,"3,500"
2012,KS,Linn Energy,Linn Operating,Jayhawk Gas Plant,Grant,67880,Active,450,178,"1,009",0,0
2012,TX,Chevron Production Company,Chevron Production Company,Dollarhide Gas Plant,Andrews,79714,Active,56,56,250,0,"7,000"
2012,WY,Windsor Energy Group,Windsor Energy Group,Sugarloaf Plant,Park County,82435,Active,1,1,"1,120",0,"1,143"
2012,CO,Whiting Oil and Gas Corporation,Whiting Oil and Gas Corporation,Terrace Gas Plant,WELD,80742,Active,3,1,"1,460",0,714
2012,TX,Enbridge G & P (East Texas) L.P.,Enbridge G & P (East Texas) L.P.,East Texas(Avinger),Cass,75560,Active,85,83,"1,082",0,"1,000"
2012,WY,Merit Energy Company,Merit Energy Company,Bairoil CO2 Plant,Sweetwater,82322,Active,143,142,80,0,"5,700"
2012,LA,,"Crosstex Processing Services, LLC",Eunice Plant,Acadia Parish,70535,Active,500,340,"1,036",0,"66,577"
2012,TX,BP America Production Company,BP America Production Company,Sunray Gas Plant,Moore,79029,Active,189,118,"1,180",0,0
2012,TX,BP America Production Company,BP America Production Company,Hemphill (aka Hemploma) Gas Plant,Hemphill,79014,Not Active,50,41,"1,260",0,0
2012,OK,"Eagle Chief Midstream, LLC","Eagle Chief Midstream, LLC",Eagle Chief Plant,Alfalfa,73726,Active,28,22,"1,163",0,"1,480"
2012,CO,Abraxas,Custom Energy,Buck Peak,Moffat,81625,Active,1,0,,0,"4,500"
2012,ND,Sterling Energy Investments LLC,Sterling Energy Investments LLC,Ambrose Gas Plant,Divide,58844,Not Active,1,0,"1,482",0,429
2012,UT,"Patara Oil & Gas, LLC","Patara Oil & Gas, LLC",Lisbon Gas Plant,San Juan,84530,Active,60,20,990,0,"20,000"
2012,CA,"Inergy Propane, LLC",Inergy Services,Inergy Services North Coles Levee,Kern,93276,Active,24,5,"1,271",0,373
2012,LA,JW Gathering Company,JW Gathering Company,Kingston Hwy 5 Processing Facility,Decoto,71007,Not Active,,,,,
2012,ND,"Saddle Butte Pipeline, LLC","Saddle Butte Pipeline, LLC",Little Missouri,McKenzie,58854,Active,30,12,"1,400",0,"7,238"
2012,WY,Marathon Oil Company,Marathon Oil Company,Oregon Basin Gas Plant,Park,82414,Active,6,5,929,0,952
2012,CO,ETC Canyon Pipelines LLC,Energy Transfer,Foundation Creek,Rio Blanco,81648,Active,22,10,"1,080",0,"1,428"
2012,TX,,"Crosstex CCNG Processing, Ltd",Goforth Plant,Parker,76126,Active,30,24,"1,213",0,75
2012,CA,Crimson Resource Management Corp,Crimson Resource Management Corp,Greeley Gas Plant,Kern,93309,Active,70,45,"1,200",0,238
2012,CA,Crimson Resource Management,Crimson Resource Management,Riverdale Gas Plant,Fresno,81052,Active,32,20,"1,400",0,238
2012,MS,BP America Production Company,BP America Production Company,Pascagoula Gas Processing Plant,Jackson,39567,Active,"1,100",350,"1,165",0,"1,000"
2012,OK,Tag Petroleum Inc,Tag Petroleum Inc,Mehan Gas Plant,Payne,74076-1389,Active,3,2,"1,250",0,714
2012,AL,Palmer Petroleum Inc,Palmer Petroleum Inc,Monroeville Plant,Monroe,36460,Active,2,0,"1,200",0,"2,142"
2012,LA,Caruthers Producing Co Inc,Caruthers Producing Co Inc,Vivian Gas Processing Plant,caddo,71082,Active,2,0,"1,025",0,285
2012,PA,MSL Oil & Gas Corp,MSL Oil & Gas Corp,Lafayette,McKeen,16738,Active,2,1,"1,360",0,700
2012,OK,Superior Pipeline Company LLC,Superior Pipeline Company LLC,Cashion Plant,Logan,73016,Active,51,18,"1,340",1,250
2012,TX,,Citation Oil & Gas,Little Buffalo Basin,Harris,77069,Not Active,1,1,"1,410",0,381
2012,TX,PVR Hamlin LLC,PVR Midstream,Hamlin,Fisher,79520,Active,8,7,"1,360",0,0
2012,TX,Superior Pipeline Texas LLC,Superior Pipeline Texas LLC,"Hemphill Plant (A, B, C, and D)",Hemphill,79014,Active,115,90,"1,190",2,"1,700"
2012,OK,Superior Pipeline Company LLC,Superior Pipeline Company LLC,Minco Plant,Grady,73089,Active,12,6,"1,110",1,0
2012,OK,Superior Pipeline Company LLC,Superior Pipeline Company LLC,Perkins Plant,Payne,74059,Active,10,4,"1,330",1,250
2012,TX,Valence Operating Company,Valence Operating Company,Shamburger Lake Plant,SMITH,75706,Active,2,0,"1,250",0,355
2012,CO,Moffat Pipeline Company,Moffat Pipeline Company,Bear River,Routt,80293,Active,1,0,"1,170",0,200
2012,LA,"PSI Midstream Partners, LP","PSI Midstream Partners, LP",PSI Kaplan Plant,Vermilion,70510,Active,125,63,"1,061",0,0
2012,OK,PVR Cherokee Gas Processing LLC,,Crescent,Logan,73028,Active,25,20,"1,198",0,0
2012,OK,Slawson Exploration,Binger Operations LLC,Binger,Caddo,73009-0484,Active,16,15,,0,190
2012,TX,Hainesville Gas Gathering Corporation,Energy Production Corporation,Hainesville Gas Plant,Wood,75773,Active,16,2,"1,200",0,"2,227"
2012,PA,Elkhorn Holdings,Elkhorn Gas Processing LLC,Roystone Plant,McKean,16347,Active,9,8,"1,200",0,"2,900"
2012,PA,Elkhorn Holdings,Elkhorn Gas Processing LLC,Kane Plant,McKean,16735,Active,10,9,"1,185",0,"2,900"
2012,TX,Enbridge Pipelines (Texas Gathering) L.P.,Enbridge Pipelines (Texas Gathering) L.P.,Zybach,Wheeler,79011,Active,164,164,"1,169",0,952
2012,WY,Marathon Oil Company,Marathon Oil Company,Garland Gas Plant,Park,82412,Active,4,1,"1,130",0,572
2012,TX,Enbridge G & P (North Texas) L.P.,Enbridge G & P (North Texas) L.P.,Lone Camp,Palo Pinto,76453,Active,40,30,"1,250",0,714
2012,TX,Enbridge G & P (North Texas) L.P.,Enbridge G & P (North Texas) L.P.,Huckabay,Erath,76401,Active,20,19,"1,220",0,"1,833"
2012,LA,"Enterprise Gas Processing, LLC","Enterprise Gas Processing, LLC",Toca Gas Plant,St. Bernard,70085,Active,"1,100",431,"1,083",0,0
2012,LA,BTA Oil Producers LLC,BTA Oil Producers LLC,Crescent Farms Refrig Plant,Terrebone,70360,Not Active,,,,,
2012,TX,Targa Resources,Targa Resources,Conger Plant,Sterling,76951,Not Active,25,18,"1,318",0,714
2012,TX,Targa Resources,Targa Resources,Mertzon Plant,Irion,76941,Active,52,45,"1,239",0,"7,658"
2012,TX,Targa Resources,Targa Resources,Sterling Plant,Sterling,76951,Active,62,58,"1,250",0,"1,610"
2012,CA,"Occidental of Elk Hills, Inc","Occidental of Elk Hills, Inc",Taft #1C Gas Plant,Kern,93276,Not Active,16,16,"1,152",0,0
2012,CA,"Occidental of Elk Hills, Inc","Occidental of Elk Hills, Inc",35R Natural Gas Processing Plant,Kern,93276,Active,90,36,"1,090",0,0
2012,CA,"Occidental of Elk Hills, Inc","Occidental of Elk Hills, Inc",Low Temperature Separation Plant No. 1,Kern,93276,Active,150,136,"1,180",0,0
2012,CA,"Occidental of Elk Hills, Inc","Occidental of Elk Hills, Inc",Low Temperature Separation Plant No. 2,Kern,93276,Active,150,138,"1,110",0,0
2012,,,Big West Oil & Gas Inc.,North Grieve,,,Not Active,,,,,
2012,WY,,Optigas Inc,Quitman,,82716-2117,Not Active,,,,,
2012,CO,Encana Oil and Gas (USA) Inc.,Encana Oil and Gas (USA) Inc.,Plateau Creek Plant,Mesa,81643,Active,1,1,"1,080",5,300
2012,TX,Woodbine Production Corp,Woodbine Production Corp,OSR-Halliday Unit Gathering System,Madison,77864,Active,2,2,"1,200",0,"1,800"
2012,MI,,Quicksilver Resources Inc,Kal 21,,49735-1723,Not Active,,,,,
2012,TX,KELTON GAS SERVICES - LLC,AKA - FRONTIER FIELD SERVICES,KELTON GAS PLANT,USA,79096,Active,90,32,"1,200",0,"1,200"
2012,ND,Petro-Hunt LLC,Petro-Hunt LLC,Little Knife Plant,Billings,58640,Active,25,19,"1,400",0,"10,000"
2012,MI,,Quicksilver Resources Inc,Bagley 11,,49735-1723,Not Active,,,,,
2012,NM,AKA - FRONTIER FIELD SERVICES,FRONTIER FIELD SERVICES,EMPIRE ABO GAS PLANT,USA,88211,Active,50,48,"1,300",0,700
2012,NJ,,Koch Hydrocarbon Co,Cedar Rim,,7940,Not Active,,,,,
2012,PA,"LRGPP, LP",Elkhorn Gas Processing,Lewis Run Plant,Mckean,16701,Active,6,5,"1,300",0,"2,140"
2012,TX,,Tidelands Oil & Gas Corp,Chittim Ranch,,78248,Not Active,,,,,
2012,CO,,Questar Exploration & Production,Dove Creek,,80285,Not Active,,,,,
2012,AL,,Flare LLC,Old Stage Road Plant,,36401,Not Active,,,,,
2012,MT,,Branch Oil & Gas,Aloe Ventures,,59474-0766,Not Active,,,,,
2012,TX,,Cano Petroleum,Desdemona,,76102-0000,Not Active,,,,,
2012,TX,Ozona Energy Corp,Crockett Gas Processing,Double T Ranch,Crockett,,Not Active,,,,,
2012,TX,"Belvan Partners, LP","Belvan Partners, LP",Midway Lane Gasoline Plant,Crockett,76943,Not Active,0,0,0,0,750
2012,TX,"Davis Gas Processing, Inc","Davis Gas Processing, Inc",Bowie Plant,Montague,76230,Not Active,5,1,"1,318",0,750
2012,TX,Davis Gas Processing,Davis Gas Processing,Stiles Plant,Reagan,,Not Active,0,0,0,0,750
2012,TX,,,Big Lake Plant,Crockett,76932,Not Active,0,0,0,0,0
2012,CA,Seneca Resources Corporation,Seneca Resources Corporation,Belridge Gas Plant,Kern,93251,Active,14,9,"1,148",0,"8,346"
2012,AL,Chevron Corporation,Chevron Corporation,Chunchula Gas Plant,Mobile,36521,Active,40,16,"1,079",0,"15,833"
2012,CO,Big Sandy,Big Sandy Gas Co,Double Eagle Gas Plant,San Miguel,81422,Not Active,,,,,
2012,TX,Cowtown Gas Processing Partners LP,Cowtown Gas Processing Partners LP,Cowtown/Corvette Plant,Hood,76033,Active,300,132,"1,230",0,"7,857"
2012,TX,Crestwood Panhandle Pipeline LLC,Crestwood Panhandle Pipeline LLC,Indian Creek Plant,Roberts,79065,Active,36,16,"1,200",0,"1,109"
2012,TX,Southcross Energy GP LLC,Southcross Gathering Ltd.,Gregory,San Patricio,78359,Active,100,85,"1,106",0,"6,428"
2012,AL,,"Gas Processors, Inc",Castleberry Plant,Conecuh,36432,Active,10,9,"1,427",0,"2,850"
2012,NM,OXY USA WTP LP,Oxy Permian Primary,Indian Basin Gas Plant,Eddy,88254,Active,300,35,"1,140",0,"5,000"
2012,WY,KM Upstream LLC,,Casper Plant,Natrona,82604,Active,65,41,"1,130",0,"8,970"
2012,WY,KM Upstream LLC,,Douglas,Converse,82633,Active,140,76,"1,160",0,"15,650"
2012,TX,Regency Field Services LLC,Regency Field Services LLC,Waha Plant,Pecos,79730,Active,120,87,"1,072",0,250
2012,OK,Regency Field Services LLC,Regency Field Services LLC,Mocane Station,Beaver,73932,Active,55,35,"1,182",0,714
2012,LA,Regency Field Services LLC,Regency Field Services LLC,Lisbon Plant,Claiborne,71235,Active,38,26,"1,125",0,900
2012,LA,Regency Field Services LLC,Regency Field Services LLC,Elm Grove Plant,Bossier,71037,Active,200,155,"1,030",0,"2,700"
2012,LA,Regency Field Services LLC,Regency Field Services LLC,Dubberly Plant,Webster,71024,Active,200,135,"1,040",0,"2,700"
2012,LA,Regency Field Services LLC,Regency Field Services LLC,Dubach Gas Plant,Lincoln,71235,Active,107,82,"1,133",0,"2,400"
2012,WY,Chevron,Chevron,Carter Creek Gas Plant,Uinta,82930,Active,150,68,"1,018",0,0
2012,NM,AKA - FRONTIER FIELD SERVICES,FRONTIER FIELD SERVICES,MALAMAR GAS PLANT,USA,88264,Active,60,58,"1,250",0,"2,000"
2012,TX,Enbridge Pipelines (Texas Gathering) L.P.,Enbridge Pipelines (Texas Gathering) L.P.,Hobart Cryo Plant,Hemphill,79014,Active,30,30,"1,176",0,"1,000"
2012,TX,UNOCAL-CNAEP,UNOCAL-CNAEP,Van Plant,Van Zandt,75790,Active,1,1,"1,370",0,"1,142"
2012,WV,"Williams Partners, LP","Williams Partners, LP",Fort Beeler,Marshall,26033,Active,320,160,"1,212",0,"19,285"
2012,OK,Superior Pipeline Company LLC,Superior Pipeline Company LLC,Bellmon Plant,Kay,74653,Active,55,20,"1,025",0,715
2012,WV,MarkWest Liberty Midstream & Resources,MarkWest Liberty Midstream & Resources,Liberty Mobley,Wetzel,26419,Active,320,162,"1,206",0,0
2012,OK,"Seminole Gas Company, LLC","Seminole Gas Company, LLC",Foss Compressor Station,Custer,73628,Active,6,5,"1,100",0,428
2012,TX,,"Crosstex CCNG Processing, Ltd",Silver Creek Plant,Parker,76087,Active,200,165,"1,158",1,"1,023"
2012,TX,"Seminole Gas Company, LLC","Seminole Gas Company, LLC",Horn Compressor Station,Hemphill,79061,Active,1,1,"1,100",0,285
2012,CA,OXY USA Inc,Oxy USA LA Basin,OXY Huntington Beach Gas Plant,Orange,92648,Active,3,2,"1,150",0,0
2012,WY,Merit Energy Company,Merit Energy Company,Anschutz Ranch East,Uinta,82930,Active,55,11,"1,026",0,"10,000"
2012,MT,Omimex Canada Ltd,Northwestern Energy,Cut Bank NGL Plant,Glacier,59427,Active,25,7,"1,090",0,"4,500"
2012,OK,Atlas Pipeline Partners,Atlas Pipeline Mid-Continent LLC,Atlas Pipeline Mid-Continent LLC. Velma Gas Plant,Stephens,73491,Active,100,100,"1,228",0,"3,729"
2012,AR,"Bonanza Creek Energy, Inc.",Bonanza Creek Energy Resources LLC,Dorcheat Plant 1,Columbia,71753,Active,12,12,"1,152",0,"2,286"
2012,TX,,"Crosstex CCNG Processing, Ltd",Azle Plant,Parker,76020,Active,50,34,"1,154",0,"1,093"
2012,AR,"Bonanza Creek Energy, Inc.",Bonanza Creek Energy Resources LLC,McKamie Gas Plant,Lafayette,71860,Active,12,11,"1,152",0,"4,133"
2012,LA,Crosstex Energy,"Crosstex Processing Services, LLC",Blue Water Gas Plant,Acadia Parish,70559,Not Active,350,160,"1,020",0,750
2012,LA,,"Crosstex Pelican, LLC",Pelican Plant,St. Mary Parish,70392,Active,600,228,"1,099",0,0
2012,CO,ETC Canyon Pipelines LLC,Energy Transfer,Premier Debeque Plant,Mesa,81630,Active,8,5,"1,064",0,286
2012,LA,Targa Resources,Targa Resources,Barracuda Gas Plant,Cameron,70631,Active,200,126,"1,058",0,98
2012,TX,Bridwell Oil Company,Bridwell Oil Company,Bridwell River Ranch Gas Plant,Clay,76365,Active,2,0,"1,200",0,700
2012,LA,"Bridwell Oil Management, LLC","Bridwell Oil Management, LLC",Chipola Field Gas Plant,Saint Helena,70441,Active,1,0,"1,200",0,700
2012,OK,Camrick Gas Processing Company LLC,Camrick Gas Processing Company LLC,Camrick Gas Plant,Beaver,73931,Active,10,5,,0,500
2012,OK,Cimarex Energy Co.,Carrera Gas Companies LLC,Elmore City,Garvin,73433,Active,26,17,"1,249",0,106
2012,TX,,Citation Oil & Gas,Pineview Gas Plant,Harris,77069,Active,2,1,,0,"5,000"
2012,LA,"Plains Gas Solutions, LLC","Plains Gas Solutions, LLC",Patterson II Plant,St Mary,70392,Active,180,110,"1,055",0,150
2012,CO,Encana Oil and Gas (USA) Inc.,Encana Oil and Gas (USA) Inc.,Hay Canyon Treating Facility,Garfield,81524,Active,25,3,"1,085",0,"1,428"
2012,CA,"Venoco, Inc","Venoco, Inc",Ellwood Onshore Facility,Santa Barbara,93117,Active,13,3,"1,100",0,"2,000"
2012,LA,Samson Resources,Samson Contour Energy,Townsend Gas Plant,Jackson,71227,Active,1,1,"1,170",0,357
2012,TX,Energy Transfer,Energy Transfer,LaGrange Plant,Fayette,78945,Active,205,150,"1,275",0,"1,700"
2012,TX,"Davis Gas Processing, Inc","Davis Gas Processing, Inc",Luling Gas Plant,Caldwell,78661,Active,12,1,"1,223",0,350
2012,ND,Nesson Gathering System LLC,Nesson Gathering System LLC,Nesson Plant,Williams,58852,Active,9,8,"1,476",0,"3,986"
2012,KS,Pioneer Natural Resources,Pioneer Natural Resources,Satanta Gas Plant,GRANT,67880,Active,220,115,"1,040",0,"2,140"
2012,TX,Pioneer Natural Resources,Pioneer Natural Resources,Fain Gas Plant,Potter,79058,Active,140,65,"1,360",0,"3,048"
2012,TX,DCP Midstream,DCP Midstream,Sutton Sonora Plant,Sutton,76943,Active,62,62,"1,175",0,"4,523"
2012,TX,"Targa Midstream Services, LLC","Targa Midstream Services, LLC",Chico Plant,Wise,76431,Active,265,240,"1,188",0,"17,383"
2012,TX,DCP Midstream,DCP Midstream,Three Rivers,Live Oak,78022,Active,95,85,"1,155",0,"1,380"
2012,AL,W&T Offshore Inc.,W&T Offshore Inc.,Yellowhammer Gas Plant,Mobile,36523,Active,,,"1,095",0,"7,142"
2012,WV,"Dominion Transmission, Inc.","Dominion Transmission, Inc.",Hastings Extraction Plant,Wetzel,26419,Active,180,160,"1,241",0,0
2012,TX,Enbridge G & P (East Texas) L.P.,Enbridge G & P (East Texas) L.P.,New Hope,Franklin,75163,Active,10,8,977,0,"5,430"
2012,WV,"Dominion Transmission, Inc.","Dominion Transmission, Inc.",Lightburn Extraction Plant,Lewis,26378,Active,44,35,"1,178",0,"5,028"
2012,WV,"Dominion Transmission, Inc.","Dominion Transmission, Inc.",West Union Gas Plant,Doddridge,26456,Active,15,10,"1,220",0,"1,885"
2012,TX,Formosa Hydrocarbons Company,Formosa Hydrocarbons Co Inc,Formosa Hydrocarbons Company,Calhoun,77978,Active,147,116,"1,120",0,0
2012,CO,Sterling Energy Investments LLC,Sterling Energy Investments LLC,Yenter Gas Plant,Logan,80751,Active,5,4,"1,400",0,800
2012,TX,DCP Midstream,DCP Midstream,Fullerton,Andrews,79714,Active,75,72,"1,380",0,"2,014"
2012,TX,Costar Midstream LLC,Gas Solutions II Ltd,Chapel Hill Gas Plant,Smith,75792,Active,25,19,"1,070",0,"4,850"
2012,TX,Costar Midstream LLC,Gas Solutions II Ltd,Longview Gas Plant,Gregg,75604,Active,50,20,"1,270",0,"7,850"
2012,TX,DCP Midstream,DCP Midstream,Goldsmith,Ector,79741,Active,65,60,"1,325",0,"9,000"
2012,TX,Arrowhead Pipeline L.P.,Harvest Pipeline Company,Old Ocean,Brazoria,77480,Active,180,135,"1,120",0,"6,000"
2012,OK,Osage Hills Pipeline Company,"Carrera Operating Co, LLC",Osage Hills Gas Plant,Osage,74002,Active,5,4,"1,200",0,500
2012,TX,"Targa Midstream Services, LLC","Targa Midstream Services, LLC",Shackelford,Shackelford,76430,Active,15,9,"1,308",0,"4,528"
2012,TX,Enbridge G & P (East Texas) L.P.,Enbridge G & P (East Texas) L.P.,Longview,Gregg,75603,Active,120,106,"1,050",0,400
2012,TX,Enbridge G & P (East Texas) L.P.,Enbridge G & P (East Texas) L.P.,Henderson,Rusk,75654,Active,280,130,"1,084",0,600
2012,TX,Enbridge G & P (East Texas) L.P.,Enbridge G & P (East Texas) L.P.,Trinidad,Henderson,75163,Active,65,52,"1,042",0,714
2012,NM,DCP Midstream,DCP Midstream,Pecos Diamond,Eddy,88210,Active,40,20,"1,081",0,0
2012,TX,DCP Midstream,DCP Midstream,Pegasus Plant,Midland,79755,Active,100,82,"1,287",0,43
2012,CO,DCP Midstream,DCP Midstream,Platteville,Weld,80651,Active,70,60,"1,270",0,"3,600"
2012,TX,DCP Midstream,DCP Midstream,Roberts Ranch,Midland,79766,Active,70,70,"1,100",0,362
2012,CO,DCP Midstream,DCP Midstream,Roggen,Weld,80652,Active,62,62,"1,175",0,"5,950"
2012,OK,DCP Midstream,DCP Midstream,Sholem Alechem,Stephens-Carter,73425,Active,60,55,"1,235",0,0
2012,CO,DCP Midstream,DCP Midstream,Spindle,Weld,80621,Active,40,34,"1,270",0,"5,000"
2012,TX,DCP Midstream,DCP Midstream,Spraberry,Midland,79706,Active,60,60,"1,300",0,"9,500"
2012,TX,DCP Midstream,DCP Midstream,Southwest Ozona,Crockett,76943,Active,100,85,"1,160",0,"1,429"
2012,TX,DCP Tolar Gas Service,DCP Midstream,Tolar,Hood,76476,Active,80,40,940,0,"2,571"
2012,CA,Aera Energy LLC,,Ventura Gas Plant 7,Ventura,93001,Active,12,10,"1,195",0,"1,400"
2012,TX,DCP Midstream,DCP Midstream,Wilcox Gas Plant,Lavaca,77964,Active,240,188,"1,102",0,"9,857"
2012,TX,Occidental Petroleum,Occidental Petroleum,Oxy Block31 Plant,Crane,79731,Active,100,58,548,0,0
2012,OK,,Kinder Morgan,Burbank Plant,Osage,74633,Active,10,6,"1,175",0,"1,700"
2012,TX,Energy Transfer,Energy Transfer,Chisholm Plant,Fayette,78945,Active,120,120,"1,275",0,"1,000"
2012,OK,Oneok Field Services,Oneok Field Services,Custer Plant,Custer,73639,Active,80,74,"1,150",0,550
2012,KS,Oneok Field Services,Oneok Field Services,Cheney Plant,Sedgwick,67025,Active,100,48,"1,120",0,0
2012,WY,QEP Field Services,QEP Field Services,Blacks Fork Gas Plant (I and II),Sweetwater,82934,Active,705,402,"1,086",0,"22,285"
2012,MT,Oneok Rockies Midstream,Oneok Rockies Midstream,Baker Plant,Fallon,59313,Active,7,5,"1,460",0,"8,272"
2012,LA,"JP Oil Company, LLC","JP Oil Company, LLC",Indian Village Plant,ALLEN,70658,Active,5,2,"1,120",0,714
2012,OK,Enogex Products LLC,Enable Products LLC,Roger Mills,WASHITA,73644,Active,100,88,"1,180",0,0
2012,TX,Hoover Energy Partners LLC,Hoover Energy Partners LLC,Mitchell Puckett,Pecos,79735,Not Active,80,14,740,0,500
2012,TX,Hoover Energy Partners LLC,Hoover Energy Partners  LLC,Gomez Plant,Pecos,79735,Active,100,70,900,0,210
2012,LA,"JP Oil Company, LLC","JP Oil Company, LLC",Krotz Springs Gas Plant,ST. LANDRY,70750,Active,5,2,"1,150",0,"1,143"
2012,TX,MidMar Gas LLC,Feagan Gathering Company,MidMar,Andrews,79714,Not Active,75,70,"1,350",0,"1,000"
2012,LA,"JP Oil Company, LLC","JP Oil Company, LLC",Elba Mini Plant,ST. LANDRY,71353,Active,3,1,"1,160",0,952
2012,TX,Enbridge G & P (North Texas) L.P.,,Weatherford,Parker,76088,Active,70,65,,0,430
2012,TX,Prism Gas,Centerpoint Energy Field Services,Crosstex Harrison Refrige Plant,Harrison,,Not Active,,,,,
2012,TX,Prism Gas,Centerpoint Energy Field Services,Crosstex Harrison West Refrige Plant,Harrison,75659,Not Active,,,,,
2012,TX,Enbridge Pipelines (Texas Gathering) L.P.,Enbridge Pipelines (Texas Gathering) L.P.,Enbridge Hobart Ranch Gas Plant,Hemphill,79014,Active,125,91,"1,140",0,0
2012,UT,Berry Petroleum Company,Berry Petroleum Company,Brundage Gas Plant,Duchesne,84021,Active,30,24,"1,150",0,"2,500"
2012,CO,"Sourcegas Services, LLC","Rocky Mountain Natural Gas, LLC",Piceance Creek,RIO BLANCO,81650,Active,5,2,"1,170",,715
2012,TX,Enbridge G & P (North Texas) L.P.,Enbridge G & P (North Texas) L.P.,Gordon,Palo Pinto,76453,Active,40,25,"1,250",0,"3,600"
2012,FL,"Quantum Resources A1, LP","Quantum Resources Management, LLC",St. Regis Treatment Facility and Jay Gas Plant,Escambia,32565,Active,90,59,350,0,"11,428"
2012,AL,Williams Field Services,,Williams Mobile Bay Processing Plant,Mobile,36523,Active,690,322,"1,099",0,0
2012,CA,ExxonMobil Production Company,ExxonMobil Production Company,"Las Flores Canyon, POPCO",Santa Barbara,93116,Active,67,32,"1,066",0,0
2012,UT,ETC Canyon Pipelines LLC,Energy Transfer,Harley Dome,Grand,84540,Active,30,20,"1,067",0,714
2012,CA,ExxonMobil Production Company,ExxonMobil Production Company,"Las Flores Canyon, SGTP",Santa Barbara,93116,Active,12,10,"1,066",0,"8,300"
2012,CO,ETC Canyon Pipelines LLC,Energy Transfer,North Douglas,Rio Blanco,81648,Active,23,10,"1,080",0,"2,857"
2012,LA,,"Crosstex LIG Liquids, LLC",Plaquemine Plant,Iberville Parish,70764,Active,225,151,"1,023",0,"11,904"
2012,TX,,Citation Oil & Gas,Mount Pearl Gas Plant,Harris,77069,Active,10,3,"1,227",0,"1,429"
2012,TX,"Copano Field Services/North Texas, LLC","Copano Field Services/North Texas, LLC",Saint Jo Processing Plant,Montague,76251,Active,104,64,"1,141",0,571
2012,TX,Stephens & Johnson Operating Co,Stephens & Johnson Operating Co,Agaritta,Concho,76837,Not Active,5,0,"1,200",0,"1,714"
2012,TX,Kinder Morgan,Kinder Morgan,Houston Central Plant,Colorado,77475,Active,624,624,"1,150",0,"21,097"
2012,KS,Lumen Midstream Partnership LLC,Lumen Midstream Partnership LLC,Kingman Gas Plant,Kingman,67025,Active,26,19,"1,130",0,380
2012,WY,Devon Energy Corp,Devon Energy Corp,Worland Plant,Washakie,82401,Active,20,7,"1,340",0,"5,000"
2012,OK,Lumen Midstream Partnership LLC,Lumen Midstream Partnership LLC,Osage Gas Plant,Osage,74637,Active,12,6,"1,330",0,"1,285"
2012,WY,Devon Gas Services LP,Devon Gas Services LP,Beaver Creek Plant,Fremont,82501,Active,55,27,"1,100",0,"4,948"
2012,TX,ExxonMobil Corporation,Hunt Oil Company,Fairway Gas Plant,Henderson,75782,Active,88,48,"1,123",0,"1,083"
2012,AR,Natural Gas Pipeline Company of America,,Searcy Dew Point,,72143,Not Active,"700,000","20,000",1,0,"5,316"
2012,CA,"Chevron USA, Inc.","Chevron USA, Inc.",Mckittrick 172,Kern,93251,Active,80,59,"1,179",0,"8,995"
2012,TX,Chesapeake Energy,Chesapeake Midstream Partners,Johnson State,Reeves,79718,Not Active,1,0,"1,230",0,816
2012,CA,Aera Energy LLC,,Kernirdge Gas Plant,Kern,93251,Active,80,31,"1,127",0,"14,900"
2012,TX,"Eagle Rock Operating, L.P.","Eagle Rock Operating, L.P.",Brookeland Gas Plant,Jasper,75931,Active,100,64,"1,160",0,710
2012,TX,Enbridge G & P,Enbridge G & P,Springtown Processing plant,Parker,76082,Active,65,55,"1,250",0,0
2012,TX,DCP Midstream,DCP Midstream,Gulf Plains Gas Plant,Nueces,78343,Active,170,143,"1,200",0,"3,475"
2012,IL,"Enbridge, Inc.","Aux Sable Liquid Products, Inc.","Aux Sable Liquid Products, Inc.",Grundy,60450,Active,"2,100","1,594","1,090",0,"200,000"
2012,CA,Freeport - McMoRan Oil & Gas,Freeport - McMoRan Oil & Gas,Lompoc Oil & Gas Plant,Santa Barbara,93436,Active,15,3,"1,176",0,"2,140"
2012,NM,Chevron,Chevron,Buckeye CO2 Plant,Lea,88260,Active,55,39,250,0,700
2012,NM,ConocoPhillips,ConocoPhillips,San Juan Basin Gas Plant,San Juan,87413,Active,550,415,"1,160",0,0
2012,WY,Devon Gas Services LP,Devon Gas Services LP,Phosphoria Gasoline Plant,Fremont,82501,Active,4,2,"1,244",0,0
2012,LA,Targa Resources,Targa Resources,Yscloskey Gas Plant,St Bernard,70085,Not Active,"1,850","1,000","1,032",,
2012,MI,Summit Petroleum Corp,Summit Petroleum Corp,Rosebush Plant,Isabella,48878,Active,2,1,"1,410",0,760
2012,WY,Anadarko Petroleum Corp,Anadarko Petroleum Corp,Granger Gas Plant,Sweetwater,82935,Active,500,200,"1,100",0,"25,000"
2012,LA,Samson Resources,Samson Contour Energy,Rocky Mount Gas Plant,Bossier,71064,Active,1,1,"1,050",0,357
2012,TX,"West Texas Gas Gas Processing, LP","West Texas Gas Gas Processing, LP",Sale Ranch Gas Plant,MARTIN,79782,Active,35,30,"1,358",0,750
2012,UT,Questar Field Services,Questar Pipeline Company,Price Chiller Skids,Carbon,84501,Active,45,41,"1,077",0,714
2012,UT,Questar Field Services,Questar Pipeline Company,Price Raptor Plant,Carbon,84501,Active,130,130,"1,077",0,"2,857"
2012,UT,Questar Pipeline Company,Questar Pipeline Company,Kastler Dew Point Plant,Daggett,84023,Active,300,24,"1,055",0,"2,143"
2012,CO,Questar Pipeline Company,Questar Pipeline Company,Skull Creek Dew Point,Moffat,81625,Active,45,35,"1,118",0,"1,428"
2012,UT,Questar Pipeline Company,Questar Pipeline Company,Price Dew Point Plant,Carbon,84501,Active,120,29,"1,053",0,"1,428"
2012,WV,MarkWest Energy,MarkWest,MarkWest Majorsville Cryo Plant,Marshal,26036,Active,270,185,"1,250",0,0
2012,OK,Mustang Ventures CO,"Mustang Gas Products, LLC",Rodman,Garfield,73773,Active,70,63,"1,190",0,177
2012,OK,Mustang Ventures CO,"Mustang Gas Products, LLC",Ringwood,Major,73768,Not Active,15,10,"1,160",0,50
2012,TX,"Enterprise Hydrocarbons, LP","Enterprise Products Operating, LLC",Sonora Plant,Sutton,76950,Active,120,95,"1,141",0,750
2012,TX,"Enterprise Hydrocarbons, LP","Enterprise Products Operating, LLC",Shoup Gas Plant,Nueces,78410,Active,285,255,"1,120",0,"1,700"
2012,MI,"Aztec Producing Company, Inc.","Aztec Producing Company, Inc.",Aztec Manistee,Manistee,49660,Active,5,0,"1,339",0,"1,429"
2012,AL,"Escambia Operating Company, LLC","Eagle Rock Energy G & P, LLC",Big Escambia Creek,Escambia,36502,Active,50,48,900,0,"34,000"
2012,CO,"Chevron USA, Inc.","Chevron USA, Inc.",Wilson Creek Gas Processing Plant,Rio Blanco,81641,Active,1,0,"1,461",0,"2,928"
2012,CO,"Mull Drilling Company, Inc","Mull Drilling Company, Inc",Mull Unit Sorrento Field,Cheyenne,80825,Active,4,1,"1,150",0,714
2012,TX,Energy Transfer,Energy Transfer,Godley Plant,Johnson,76044,Active,590,400,"1,188",0,"3,000"
2012,TX,Enerfin Resources Company,Enerfin Resources II-92 LP,Longhorn Gas Plant,Archer,76310,Active,2,0,"1,298",0,998
2012,LA,"Plains Gas Solutions, LLC","Plains Gas Solutions, LLC",Basile Gas Plant,Acadia,75035,Not Active,152,130,"1,008",0,300
2012,AL,Plains Gas Solutions LLC,Plains Gas Solutions LLC,North Beach Plant,Conecuh,36401,Active,7,5,"1,350",0,"1,000"
2012,PA,Elkhorn Holdings,Elkhorn Gas Processing LLC,Keystone Plant,Warren County,16313,Active,10,8,"1,250",0,"1,950"
2012,TX,"WTG Jameson, LP","WTG Gas Processing, LP",Jameson Plant,Coke,76949,Active,35,29,"1,381",0,"11,000"
2012,TX,"West Texas Gas Gas Processing, LP","West Texas Gas Gas Processing, LP",East Vealmoor Plant,Martin,79511,Active,46,46,"1,407",0,750
2012,TX,"Benedum Gas Partners, LP",WTG Benedum Joint Venture,Benedum II Plant,Upton,79755,Active,140,116,"1,228",0,0
2012,TX,"Davis Gas Processing, Inc.","Davis Gas Processing, Inc.",Neleh Gas System,Upton,79752,Not Active,5,2,"1,330",0,750
2012,TX,"DGP Taurus GP Holding, LLC","DGP Taurus Field Services, LP",Shackelford Plant,Eastland,76437,Active,15,5,"1,250",0,750
2012,WY,"Enterprise Gas Processing, LLC","Enterprise Gas Processing, LLC",Pioneer Silica Gel Plant,Lincoln,83124,Active,600,8,"1,090",0,"5,000"
2012,TX,"Davis Gas Processing, Inc.","Davis Gas Processing, Inc.",Irion County Plant,IRION,76930,Active,16,8,"1,300",0,"1,500"
2012,WY,"Enterprise Gas Processing, LLC","Enterprise Gas Processing, LLC",Pioneer Cryogenic Plant,Lincoln,83124,Active,750,590,"1,090",0,0
2012,AL,Four Star Oil and Gas Company,Chevron Corporation,Hatters Pond Gas Plant,Mobile,36525-4830,Active,60,21,"1,300",0,"16,317"
2012,CO,,Western Operating Company,Wiggins Gas Processing Plant,Morgan,80701,Active,3,0,"1,400",0,672
2012,CO,,Tabula Rasa Energy LLC,La Veta Gas Plant,Huerfano,81055,Active,30,17,332,20,"1,000"
2012,LA,Grayson LLC,Petro-Chem Operating Co Inc,Grayson Gas Plant,Caddo,71101,Active,3,2,"1,125",0,700
2012,LA,Cypress Oil and Gas,Petro-Chem Operating Co Inc,Plain Dealing JT Plant,Caddo,71101,Active,1,0,"1,100",0,285
2012,OK,Devon Gas Services LP,Devon Gas Services LP,Northridge Gas Plant,Hughes,74531,Active,200,148,"1,140",0,"5,714"
2012,LA,Whiskey Bay Gas Co LTD,Energy Transfer Co,Lake LaRose Gas Plant,St Martin Parish,70517,Active,5,1,"1,118",0,150
2012,NM,"Davis Gas Processing, Inc.","Davis Gas Processing, Inc.",Denton Gas Plant,Lea,88260,Active,20,3,"1,424",0,750
2012,TX,"Davis Gas Processing, Inc.","Davis Gas Processing, Inc.",Concho Gas Plant,Concho,76866,Active,10,2,"1,157",0,"1,500"
2012,TX,"Davis Gas Processing, Inc.","Davis Gas Processing, Inc.",Cedar Hill Gas Plant,GARZA,79356,Active,8,1,"1,309",0,750
2012,CO,"Davis Gas Processing, Inc.","Davis Gas Processing, Inc.",Piceance Creek Plant,GARFIELD,81650,Active,100,0,"1,065",0,0
2012,LA,Targa Resources,Targa Resources,Venice Gas Plant,Plaquemines,70091,Active,750,500,"1,115",0,0
2012,NM,Williams,Williams Midstream,Lybrook Gas Plant,Sandoval,87103,Not Active,,,,,
2012,CA,"Plains Exploration & Production, Inc.","Plains Exploration & Production, Inc.",Murphy Gas Plant,Los Angeles,90007,Active,2,1,"1,250",0,20
2012,CA,"Plains Exploration & Production, Inc","Plains Exploration & Production, Inc",Montebello Gas Plant,Los Angeles,90640,Active,2,1,"1,100",0,0
2012,CA,"Plains Exploration & Production, Inc","Plains Exploration & Production, Inc",Inglewood Gas Plant,Los Angeles,90056,Active,15,10,"1,250",0,"1,750"
2012,ND,"Hiland Partners, LP","Hiland Partners, LP",Badlands,Bowman,58651,Active,40,21,306,0,"6,690"
2012,TX,"Targa Midstream Services, LLC","Targa Midstream Services, LLC",Sand Hills Complex,Crane,79731,Active,150,140,"1,200",0,490
2012,LA,"Targa Midstream Services, LLC","Targa Midstream Services, LLC",Gillis Gas Plant,Calcasieu,70615,Active,180,156,"1,113",0,"11,280"
2012,LA,"Targa Midstream Services, LLC","Targa Midstream Services, LLC",Acadia Gas Plant,Acadia,70531,Active,80,20,"1,073",0,0
2012,LA,Targa Resources,Targa Resources,Lowry Gas Plant,Cameron,70549,Active,240,180,"1,055",0,0
2012,MT,"Hiland Partners, LP","Hiland Partners, LP",Bakken Plant,Richland,59270,Active,30,22,"1,450",0,"8,476"
2012,CA,"Signal Hill Petroleum, Inc","Signal Hill Petroleum, Inc",Signal Hill West Unit Gas Plant,Los Angeles,90755,Active,1,1,"1,400",0,952
2012,NM,DCP Midstream,DCP Midstream,Zia Plant,Lea,88240,Not Active,,,,,
2012,WY,Kaiser Francis Oil Company,Kaiser Francis Oil Company,Silo Gas Plant,Laramie,82009,Active,4,1,"1,370",0,"1,428"
2012,CO,XCEL ENERGY,XCEL ENERGY,Baxter Compressor Station,Garfield County,81630,Active,15,3,915,0,476
2012,CO,XCEL ENERGY,XCEL ENERGY,Rifle Gas Plant,Rifle,81650,Active,50,25,"1,070",0,"2,857"
2012,NM,"Targa Midstream Services, LLC","Targa Midstream Services, LLC",Monument Plant,Lea,88265,Active,85,51,"1,222",0,"1,000"
2012,NM,"Targa Midstream Services, LLC","Targa Midstream Services, LLC",Saunders Plant,Lea,88260,Active,70,44,"1,223",0,"2,286"
2012,TX,Kinder Morgan Tejas Pipeline LLC,Kinder Morgan Tejas Pipeline LLC,Texas City Processing Plant,Galveston,77590,Active,40,40,"1,085",0,600
2012,TX,Phillips 66,WRB Borger Refinery,Pantex Plant,Hutchinson,79008,Not Active,0,0,"1,500",0,0
2012,LA,Unit Petroleum,Unit Petroleum,Castor Creek Plant,Allen,70655,Not Active,2,1,"1,000",,700
2012,LA,PSI Midstream,PSI Midstream,Cameron Meadows Gas Plant,Cameron,70631,Active,275,271,"1,056",0,0
2012,UT,Newfield Rocky Mountain Inc,Newfield Rocky Mountain Inc,Monument Butte Plant,Duchesne,84052,Active,22,18,"1,195",0,"1,430"
2012,WY,Washakie Midstream Services LLC,Washakie Midstream Services LLC,Worland Plant,Washakie,82401,Active,6,1,"1,248",0,"4,057"
2012,WY,Merit Energy Company,Merit Energy Company,Sage Creek Gas Plant,Converse,82637,Active,30,7,"1,500",0,"4,000"
2012,OK,Hiland Partners,Hiland Partners LP,Matli Plant,Blaine,73772,Active,25,12,"1,140",0,227
2012,OK,Enerfin Resources Company,Enerfin Resources I LP,Tecumseh Gas Plant,Pottawatomie,74873,Active,16,11,"1,350",0,"1,430"
2012,OK,Whiting Oil & Gas Corporation,Whiting Oil & Gas Corporation,Dry Trail,Texas,73942,Active,100,91,180,0,714
2012,TX,"Enterprise Gathering, LLC","Enterprise Gathering, LLC",Duncan Gas Processing Plant,Rusk,75652,Active,40,30,"1,098",0,714
2012,TX,"Enterprise Gathering, LLC","Enterprise Gathering, LLC",McCormick Gas Processing Plant,Panola,75631,Active,22,8,"1,068",0,523
2012,TX,"Enterprise Hydrocarbons, LP","Enterprise Products Operating, LLC",Yoakum Gas Processing Plant,Lavaca,77995,Active,300,300,"1,250",0,0
2012,WY,Fidelity Exploration and Production Co,Fidelity Exploration and Production Co,Silvertip Processing Plant,Park,82435,Active,10,5,"1,315",0,"2,143"
2012,NM,"Enterprise Field Services, LLC","Enterprise Products Operating, LLC",South Carlsbad Dew Point Plant,Eddy,88256,Active,200,50,"1,060",0,"1,200"
2012,NM,"Enterprise Field Services, LLC","Enterprise Field Services, LLC",Carlsbad Chaparral Gas Plant,Eddy,88220,Active,40,23,"1,150",0,0
2012,LA,Vernon E Faulconer Inc,Vernon E Faulconer Inc,Desoto Gas Plant,Desoto,71052,Active,1,1,"1,014",0,714
2012,LA,Vernon E Faulconer Inc,Vernon E Faulconer Inc,College Point Gas Plant,St James,,Not Active,0,0,,0,238
2012,PA,Whitesville Gas Processing,Elkhorn Gas Processing,Whitetail Plant,Elk,16735,Active,5,5,"1,170",0,"1,400"
2012,TX,,Ranger Gas Gath LLC,Ranger,,76470-0079,Active,9,5,"1,350",0,714
2012,CO,Forest Oil Corporation 100%,Forest Oil Permian,Mercy Gas Plant,,80202-3406,Active,4,2,"1,233",0,"1,000"
2012,TX,"Halcon Operating Co., Inc.","Halcon Operating Co., Inc.",Electra Gas Plant,Wilbarger,76360,Active,1,1,"1,800",0,"1,142"
2012,ND,True Oil LLC,True Oil LLC,Red Wing Creek Gas Plant,McKenzie,58835,Active,5,3,"1,192",0,"4,386"
2012,LA,"Copano Processing Louisiana, LLC","Copano Processing Louisiana, LLC",Lake Charles Gas Plant,Calcasieu,70605,Active,200,114,"1,022",0,112
2012,CO,Encana Oil & Gas (USA) Inc.,Encana Oil & Gas (USA) Inc.,Dragon Trail,Rangley,81431,Active,60,25,"1,100",0,"6,400"
2012,WY,Encore Energy Partners Operating LLC,Encore Energy Partners Operating LLC,Elk Basin Gasoline Plant,Park,82435,Active,13,13,255,0,"10,666"
2012,CA,Central Resources Inc,Central Resources Inc,South Coles Levee Gas Plant,Keen,93276,Active,35,4,"1,108",0,"1,895"
2012,OK,"SemGas, LP","SemGas, LP",Hopeton,Woods,73731,Active,35,35,"1,134",0,350
2012,OK,"SemGas, LP","SemGas, LP",Nash,Grant,73761,Active,20,15,"1,147",0,200
2012,TX,"SemGas, LP","SemGas, LP",Sherman,Grayson,75092,Active,20,17,"1,240",0,750
2012,TX,Apache Corporation,Apache Corporation,Apache Corporation Crane Gas Plant,Upton,79731,Active,25,24,"1,270",0,0
2012,CO,QEP Energy Co,QEP Energy Co,Cutthroat B,Montezuma,81321,Active,2,0,"1,351",0,"1,428"
2012,AL,Pruet Production Co,Pruet Production Co,Womack Hill Gas Plant,Choctaw,36908,Active,2,1,"1,381",0,"3,899"
2012,AL,,"Quantum Resources Management, LLC",Chatom Plant,Washington,36518,Active,25,14,117,0,"7,650"
2012,LA,XTO Energy Inc,XTO Energy Inc,Cotton Valley Gas Plant,Webster,71018,Active,90,65,"1,190",0,"18,000"
2012,NM,"Versado Gas Processors, LLC","Targa Midstream Services, LLC",Eunice Plant,Lea,88231,Active,115,80,"1,235",0,500
2012,OK,Copano/Scissortail Energy LLC,Copano/Scissortail Energy LLC,Glenpool (Creek) Plant,Tulsa,74033,Active,25,7,"1,146",0,"1,500"
2012,OK,,Kinder Morgan,Paden Plant,Okfuskee,74860,Active,100,74,"1,235",0,"1,550"
2012,OK,Scissortail Energy LLC,Scissortail Energy LLC,Harrah Plant,Lincoln,73045,Active,40,15,"1,210",0,"29,525"
2012,OK,,Kinder Morgan,Milfay Plant,Creek,74079,Active,15,8,"1,169",0,950
2012,OK,,Kinder Morgan,Southern Dome Plant,Oklahoma,73149,Active,18,10,"1,171",0,"3,500"
2012,TX,ExxonMobil Corporation,ExxonMobil Corporation,Hawkins Gas Plant,Wood,75765,Active,180,160,445,0,0
2012,TX,,"W. W. Sub, Inc",Markley Plant,Jack & Young,76459,Active,4,0,"1,140",0,500
2012,LA,ExxonMobil Corporation,ExxonMobil Corporation,Baton Rouge Gas Plant,West Baton Rouge,70767,Active,225,140,"1,070",0,"1,200"
2012,WV,"Dominion Transmission, Inc.","Dominion Transmission, Inc.",Copley Gas Plant,Lewis,26452,Active,35,28,"1,180",0,"2,514"
2012,WY,"Western Gas Partners, LP","Western Gas Partners, LP",Bison Treating Facility,Campbell,82718,Active,270,270,935,0,0
2012,TX,Twin Montana,Echo Production,Conley Gas Plant,Hardeman,79252,Not Active,1,1,"1,365",0,833
2012,LA,Texas Petroleum Investment Company,Texas Petroleum Investment Company,Neale,Beauregard,70653,Active,6,4,"1,100",0,"1,140"
2012,TX,"Quantum Resources Management, LLC","Quantum Resources Management, LLC",Neches Field Plant,Cherokee,75766,Active,1,1,"1,389",0,600
2012,AL,"American Midstream (Mississippi), LLC",American Midstream,Wildfork Plant,Monroe,36445,Active,1,0,"1,398",0,"2,151"
2012,UT,Kinder Morgan Altamont LLC.,Kinder Morgan Altamont LLC.,Altamont Gas Plant,Duchesne,84001,Active,60,40,"1,200",0,"22,476"
2012,UT,Newfield Exploration Co,Newfield Production Co,Pleasant Valley Compressor Station,Duchesne,84052,Active,20,18,"1,220",0,429
2012,MI,Merit Energy Company,Merit Energy Company,Kalkaska Gas Processing,Kalkaska,49680,Active,425,43,"1,152",0,"42,000"
2012,UT,QEP Field Services Company,QEP Field Services Company,Ironhorse Gas Plant,Uintah,84078,Active,150,146,"1,140",0,0
2012,UT,QEP Field Services Company,QEP Field Services Company,Stagecoach Gas Plant,Uintah,84078,Active,200,115,"1,100",0,"4,571"
2012,UT,QEP Field Services Company,QEP Field Services Company,Red Wash Gas Plant,Uintah,84078,Active,160,82,"1,110",0,"3,173"
2012,UT,El Paso Exploration & Production Co,El Paso E&P,Bluebell Gas Plant,Duchesne,84066,Not Active,,,,,
2012,TX,,Atlas Pipeline Co,Benedum,Upton,79755,Active,45,45,"1,320",0,"3,571"
2012,TX,,Atlas Pipeline Co,Midkiff,Midland,79755,Active,210,210,"1,340",0,"5,142"
2012,UT,"Cisco Dome, LLC",,Grand Gas Gathering Plant,Grand,84515,Active,1,0,"1,098",0,360
2012,LA,,Chevron,Kettleman Hills,,70505-2584,Not Active,,,,,
2012,WY,Howell Petroleum/Anadarko Petroleum,Howell Petroleum/Anadarko Petroleum,Salt Creek Gas Plant,,82643,Not Active,,,,,
2012,TX,Southcross Energy GP LLC,Southcross Gathering Ltd.,Conroe Plant,Montgomery,77302,Active,36,22,"1,080",0,230
2012,CO,"Patara Oil & Gas, LLC","Patara Oil & Gas, LLC",Andy`s Mesa Plant,San Miguel,81422,Active,30,8,"1,012",35,"1,300"
2012,TX,"Advance NGL, Inc.","Advance NGL, Inc.",Indian Mound,Young,76450,Active,0,0,,0,"1,429"
2012,OK,Enbridge G & P,,Elk City Gas Plant,Beckham,73644,Active,130,120,"1,175",0,"1,070"
2012,OK,Enbridge G & P,,Sweetwater Plant,Beckham,73662,Active,180,175,"1,175",0,"2,140"
2012,CO,"Patara Oil & Gas, LLC","Patara Oil & Gas, LLC",Hamilton Creek Plant,San Miguel,81422,Active,30,8,963,45,"1,900"
2012,TX,Enbridge Pipelines (Texas Gathering) L.P.,Enbridge Pipelines (Texas Gathering) L.P.,Allison Gas Plant,Wheeler,79003,Active,150,149,"1,169",0,0
2012,TX,Kinder Morgan,Kinder Morgan,Yates Gas Plant,Pecos,79744,Active,70,50,312,0,"1,048"
2012,TX,Kinder Morgan,Kinder Morgan,Tract 75 Gas Plant,,79744,Active,110,67,314,0,700
2012,OK,Oneok Partners,Oneok Partners,Woodward Gas Plant,Woodward,73081,Active,75,57,"1,161",0,"1,500"
2012,CO,Aka Energy LLC,,Gilcrest Gas Processing Plant,Platteville,80651,Active,20,16,"1,270",0,"3,200"
2012,,,,Test Plant,,,Not Active,,,,,
2012,TX,"Enable Products, LLC","Enable Products, LLC",Wheeler,Wheeler,79096,Active,200,200,"1,200",0,0
2012,LA,J-W Gathering Company,J-W Gathering Company,Bossier Levee Board JT,Bossier,71051,Active,17,14,"1,051",0,285
2012,ND,"ONEOK Rockies Midstream, a division of ONEOK Partners",ONEOK Rockies Midstream,STATELINE I,Williams,58801,Active,100,42,"1,485",0,"5,700"
2012,WV,Exterran Energy Solutions,Exterran Energy Solutions,Schultz NGL Facility,Pleasants,26170,Active,10,4,"1,318",0,"3,571"
2012,WV,"MarkWest Liberty Midstream & Resources, LLC","MarkWest Liberty Midstream & Resources, LLC",Liberty Sherwood,Doddridge,26456,Active,400,130,"1,145",0,"6,667"
2012,OH,Exterran Energy Solutions,Exterran Energy Solutions,Carlisle NGL Facility,Noble,43788,Not Active,8,4,"1,320",0,"2,857"
2012,ND,Whiting Oil and Gas Corp,,Belfield Gas Plant,Stark,58622,Active,50,14,"1,210",0,"16,600"
2012,TX,"Devon Gas Services, L.P.",,Rothermel Conditioning Plant,Limestone,76642,Active,30,23,"1,080",0,"1,429"
2012,NM,Agave Energy Company,Agave Energy Company,Agave Dagger Draw Gas Processing Plant,Eddy,88210,Active,45,36,"1,109",0,"3,000"
